Pokemon,HP,Atk,Def,SpA,SpD,Spe,Type I,Type II,Generation,Cluster
White Kyurem,125.0,120.0,90.0,170.0,100.0,95.0,15.0,6.0,5.0,0
DW Necrozma,97.0,113.0,109.0,157.0,127.0,77.0,11.0,14.0,7.0,0
Palkia,90.0,120.0,100.0,150.0,120.0,100.0,3.0,Unknown,4.0,0
Rayquaza,105.0,150.0,90.0,150.0,90.0,95.0,15.0,10.0,3.0,0
Hoopa (U),80.0,160.0,60.0,170.0,130.0,80.0,11.0,16.0,6.0,0
U Necrozma,97.0,167.0,97.0,167.0,97.0,129.0,11.0,15.0,7.0,0
Reshiram,100.0,120.0,100.0,150.0,120.0,90.0,15.0,2.0,5.0,0
Primal Kyogre,100.0,150.0,90.0,180.0,160.0,90.0,3.0,Unknown,3.0,0
Dialga,100.0,120.0,120.0,150.0,100.0,90.0,17.0,Unknown,4.0,0
Karrablast,50.0,75.0,45.0,40.0,45.0,60.0,12.0,Unknown,5.0,1
G. Darumaka,70.0,90.0,45.0,15.0,45.0,50.0,6.0,Unknown,5.0,1
Fraxure,66.0,117.0,70.0,40.0,50.0,67.0,15.0,Unknown,5.0,1
Crabrawler,47.0,82.0,57.0,42.0,47.0,63.0,7.0,Unknown,7.0,1
Archen,55.0,112.0,45.0,74.0,45.0,70.0,13.0,10.0,5.0,1
Herdier,65.0,80.0,65.0,35.0,65.0,60.0,1.0,Unknown,5.0,1
Pawniard,45.0,85.0,70.0,40.0,40.0,60.0,16.0,17.0,5.0,1
Luxio,60.0,85.0,49.0,60.0,49.0,60.0,4.0,Unknown,4.0,1
Mienfoo,45.0,85.0,50.0,55.0,50.0,65.0,7.0,Unknown,5.0,1
Scraggy,50.0,75.0,70.0,35.0,70.0,48.0,16.0,7.0,5.0,1
Cranidos,67.0,125.0,40.0,30.0,30.0,58.0,13.0,Unknown,4.0,1
Dwebble,50.0,65.0,85.0,35.0,35.0,55.0,12.0,13.0,5.0,1
Mudbray,70.0,100.0,70.0,45.0,55.0,45.0,9.0,Unknown,7.0,1
Anorith,45.0,95.0,50.0,40.0,50.0,75.0,13.0,12.0,3.0,1
Fletchinder,62.0,73.0,55.0,56.0,52.0,84.0,2.0,10.0,6.0,1
Tyrunt,58.0,89.0,77.0,45.0,45.0,48.0,13.0,15.0,6.0,1
Drilbur,60.0,85.0,40.0,30.0,45.0,68.0,9.0,Unknown,5.0,1
Larvesta,55.0,85.0,55.0,50.0,55.0,60.0,12.0,2.0,5.0,1
Pancham,67.0,82.0,62.0,46.0,48.0,43.0,7.0,Unknown,6.0,1
Krokorok,60.0,82.0,45.0,45.0,45.0,74.0,9.0,16.0,5.0,1
Tranquill,62.0,77.0,62.0,50.0,42.0,65.0,1.0,10.0,5.0,1
Rufflet,70.0,83.0,50.0,37.0,50.0,60.0,1.0,10.0,5.0,1
Trumbeak,55.0,85.0,50.0,40.0,50.0,75.0,1.0,10.0,7.0,1
Staravia,55.0,75.0,50.0,40.0,40.0,80.0,1.0,Unknown,4.0,1
Darumaka,70.0,90.0,45.0,15.0,45.0,50.0,2.0,Unknown,5.0,1
Axew,46.0,87.0,60.0,30.0,40.0,57.0,15.0,Unknown,5.0,1
Flareon,65.0,130.0,60.0,95.0,110.0,65.0,2.0,Unknown,1.0,2
Seaking,80.0,92.0,65.0,65.0,80.0,68.0,3.0,Unknown,1.0,2
Gyarados,95.0,125.0,79.0,60.0,100.0,81.0,3.0,10.0,1.0,2
Dragonite,91.0,134.0,95.0,100.0,100.0,80.0,15.0,10.0,1.0,2
Muk,105.0,105.0,75.0,65.0,100.0,50.0,8.0,Unknown,1.0,2
Machamp,90.0,130.0,80.0,65.0,85.0,55.0,7.0,Unknown,1.0,2
Nidoqueen,90.0,92.0,87.0,75.0,85.0,76.0,8.0,9.0,1.0,2
Poliwrath,90.0,95.0,95.0,70.0,90.0,70.0,3.0,7.0,1.0,2
G. Zapdos,90.0,125.0,90.0,85.0,90.0,100.0,7.0,10.0,1.0,2
Heracross,80.0,125.0,75.0,40.0,95.0,85.0,12.0,7.0,2.0,2
Gallade,68.0,125.0,65.0,65.0,115.0,80.0,11.0,Unknown,4.0,2
Nidoking,81.0,102.0,77.0,85.0,75.0,85.0,8.0,9.0,1.0,2
Feraligatr,85.0,105.0,100.0,79.0,83.0,78.0,3.0,Unknown,2.0,2
Swampert,100.0,110.0,90.0,85.0,90.0,60.0,3.0,9.0,3.0,2
Kangaskhan,105.0,95.0,80.0,40.0,80.0,90.0,1.0,Unknown,1.0,2
Alolan Muk,105.0,105.0,75.0,65.0,100.0,50.0,8.0,16.0,1.0,2
Blastoise,79.0,83.0,100.0,85.0,105.0,78.0,3.0,Unknown,1.0,2
Hypno,85.0,73.0,70.0,73.0,115.0,67.0,11.0,Unknown,1.0,2
Mandibuzz,110.0,65.0,105.0,55.0,95.0,80.0,16.0,10.0,5.0,3
Audino,103.0,60.0,86.0,60.0,86.0,50.0,1.0,Unknown,5.0,3
Vullaby,70.0,55.0,75.0,45.0,65.0,60.0,16.0,10.0,5.0,3
Diggersby,85.0,56.0,77.0,50.0,77.0,78.0,1.0,9.0,6.0,3
Galvantula,70.0,77.0,60.0,97.0,60.0,108.0,12.0,4.0,5.0,4
Chatot,76.0,65.0,45.0,92.0,42.0,91.0,1.0,Unknown,4.0,4
Manectric,70.0,75.0,60.0,105.0,60.0,105.0,4.0,Unknown,3.0,4
Sharpedo,70.0,120.0,40.0,95.0,40.0,95.0,3.0,16.0,3.0,4
Mienshao,65.0,125.0,60.0,95.0,60.0,105.0,7.0,Unknown,5.0,4
Floatzel,85.0,105.0,55.0,85.0,50.0,115.0,3.0,Unknown,4.0,4
Swanna,75.0,87.0,63.0,87.0,63.0,98.0,3.0,10.0,5.0,4
Infernape,76.0,104.0,71.0,104.0,71.0,108.0,2.0,Unknown,4.0,4
Red Basculin,70.0,92.0,65.0,80.0,55.0,98.0,3.0,Unknown,5.0,4
Simipour,75.0,98.0,63.0,98.0,63.0,101.0,3.0,Unknown,5.0,4
Simisear,75.0,98.0,63.0,98.0,63.0,101.0,2.0,Unknown,5.0,4
Simisage,75.0,98.0,63.0,98.0,63.0,101.0,5.0,Unknown,5.0,4
H. Zoroark,55.0,100.0,60.0,125.0,60.0,110.0,1.0,14.0,5.0,4
White Basculin,70.0,92.0,65.0,80.0,55.0,98.0,3.0,Unknown,5.0,4
Zoroark,60.0,105.0,60.0,120.0,60.0,105.0,16.0,Unknown,5.0,4
Liepard,64.0,88.0,50.0,88.0,50.0,106.0,16.0,Unknown,5.0,4
Blue Basculin,70.0,92.0,65.0,80.0,55.0,98.0,3.0,Unknown,5.0,4
Chingling,45.0,30.0,50.0,65.0,50.0,45.0,11.0,Unknown,4.0,5
Litwick,50.0,30.0,55.0,65.0,55.0,20.0,14.0,2.0,5.0,5
Clauncher,50.0,53.0,62.0,58.0,63.0,44.0,3.0,Unknown,6.0,5
Lampent,60.0,40.0,60.0,95.0,60.0,55.0,14.0,2.0,5.0,5
Piplup,53.0,51.0,53.0,61.0,56.0,40.0,3.0,Unknown,4.0,5
Skrelp,50.0,60.0,60.0,60.0,60.0,30.0,8.0,3.0,6.0,5
Spritzee,78.0,52.0,60.0,63.0,65.0,23.0,18.0,Unknown,6.0,5
Flabébé,44.0,38.0,39.0,61.0,79.0,42.0,18.0,Unknown,6.0,5
Floette,54.0,45.0,47.0,75.0,98.0,52.0,18.0,Unknown,6.0,5
Shellos,76.0,48.0,48.0,57.0,62.0,34.0,3.0,Unknown,4.0,5
Goomy,45.0,50.0,35.0,55.0,75.0,40.0,15.0,Unknown,6.0,5
Amaura,77.0,59.0,50.0,67.0,63.0,46.0,13.0,6.0,6.0,5
Cherubi,45.0,35.0,45.0,62.0,53.0,35.0,5.0,Unknown,4.0,5
Skiddo,66.0,65.0,48.0,62.0,57.0,52.0,5.0,Unknown,6.0,5
Swirlix,62.0,48.0,66.0,59.0,57.0,49.0,18.0,Unknown,6.0,5
Elgyem,55.0,55.0,55.0,85.0,55.0,30.0,11.0,Unknown,5.0,5
Snover,60.0,62.0,50.0,62.0,60.0,40.0,6.0,Unknown,4.0,5
Frillish,55.0,40.0,50.0,65.0,85.0,40.0,3.0,14.0,5.0,5
Foongus,69.0,55.0,45.0,55.0,55.0,15.0,5.0,8.0,5.0,5
Vanillish,51.0,65.0,65.0,80.0,75.0,59.0,6.0,Unknown,5.0,5
Petilil,45.0,35.0,50.0,70.0,50.0,30.0,5.0,Unknown,5.0,5
Gothita,45.0,30.0,50.0,55.0,65.0,45.0,11.0,Unknown,5.0,5
Solosis,45.0,30.0,40.0,105.0,50.0,20.0,11.0,Unknown,5.0,5
Duosion,65.0,40.0,50.0,125.0,60.0,30.0,11.0,Unknown,5.0,5
Gothorita,60.0,45.0,70.0,75.0,85.0,55.0,11.0,Unknown,5.0,5
Klink,40.0,55.0,70.0,45.0,60.0,30.0,17.0,Unknown,5.0,5
Munna,76.0,25.0,45.0,67.0,55.0,24.0,11.0,Unknown,5.0,5
Oshawott,55.0,55.0,45.0,63.0,45.0,45.0,3.0,Unknown,5.0,5
Vanillite,36.0,50.0,50.0,65.0,60.0,44.0,6.0,Unknown,5.0,5
Brute Bonnet,111.0,127.0,99.0,79.0,99.0,55.0,5.0,16.0,9.0,6
Kingambit,100.0,135.0,120.0,60.0,85.0,50.0,16.0,17.0,9.0,6
IR Calyrex,100.0,165.0,150.0,85.0,130.0,50.0,11.0,6.0,8.0,6
Glastrier,100.0,145.0,130.0,65.0,110.0,30.0,6.0,Unknown,8.0,6
Iron Thorns,100.0,134.0,110.0,70.0,84.0,72.0,13.0,4.0,9.0,6
Gothitelle,70.0,55.0,95.0,95.0,110.0,65.0,11.0,Unknown,5.0,7
Rotom (Cut),50.0,65.0,107.0,105.0,107.0,86.0,4.0,5.0,4.0,7
Rotom (Heat),50.0,65.0,107.0,105.0,107.0,86.0,4.0,2.0,4.0,7
Rotom (Wash),50.0,65.0,107.0,105.0,107.0,86.0,4.0,3.0,4.0,7
Gardevoir,68.0,65.0,65.0,125.0,115.0,80.0,11.0,18.0,3.0,7
Rotom (Spin),50.0,65.0,107.0,105.0,107.0,86.0,4.0,10.0,4.0,7
Glaceon,65.0,60.0,110.0,130.0,95.0,65.0,6.0,Unknown,4.0,7
Roserade,60.0,70.0,65.0,125.0,105.0,90.0,5.0,Unknown,4.0,7
Togekiss,85.0,50.0,95.0,120.0,115.0,80.0,18.0,Unknown,4.0,7
Chandelure,60.0,55.0,90.0,145.0,90.0,80.0,14.0,2.0,5.0,7
Rotom (Frost),50.0,65.0,107.0,105.0,107.0,86.0,4.0,6.0,4.0,7
Magnezone,70.0,70.0,115.0,130.0,90.0,60.0,4.0,Unknown,4.0,7
Gliscor,75.0,95.0,125.0,45.0,75.0,95.0,9.0,Unknown,4.0,8
Cobalion,91.0,90.0,129.0,90.0,72.0,108.0,17.0,7.0,5.0,8
Skarmory,65.0,80.0,140.0,40.0,70.0,70.0,17.0,10.0,2.0,8
Durant,58.0,109.0,112.0,48.0,48.0,109.0,12.0,17.0,5.0,8
A Gourgeist,65.0,90.0,122.0,58.0,75.0,84.0,14.0,5.0,6.0,8
Sm Gourgeist,55.0,85.0,122.0,58.0,75.0,99.0,5.0,14.0,6.0,8
Klinklang,60.0,100.0,115.0,70.0,85.0,90.0,17.0,Unknown,5.0,8
Leafeon,65.0,110.0,130.0,60.0,65.0,95.0,5.0,Unknown,4.0,8
Drapion,70.0,90.0,110.0,60.0,75.0,95.0,8.0,Unknown,4.0,8
Raichu,60.0,90.0,55.0,90.0,80.0,110.0,4.0,Unknown,1.0,9
Ninetales,73.0,76.0,75.0,81.0,100.0,100.0,2.0,Unknown,1.0,9
Venomoth,70.0,65.0,60.0,90.0,75.0,90.0,12.0,8.0,1.0,9
Alolan Raichu,60.0,85.0,50.0,95.0,85.0,110.0,4.0,11.0,1.0,9
Houndoom,75.0,90.0,50.0,110.0,80.0,95.0,16.0,2.0,2.0,9
Alolan Ninetales,73.0,67.0,75.0,81.0,100.0,109.0,6.0,18.0,1.0,9
Sceptile,70.0,85.0,65.0,105.0,85.0,120.0,5.0,Unknown,3.0,9
Jolteon,65.0,65.0,60.0,110.0,95.0,130.0,4.0,Unknown,1.0,9
G. Mr. Mime,50.0,65.0,65.0,90.0,90.0,100.0,6.0,18.0,1.0,9
Starmie,60.0,75.0,85.0,100.0,85.0,115.0,3.0,11.0,1.0,9
Mr. Mime,40.0,45.0,65.0,100.0,120.0,90.0,11.0,18.0,1.0,9
Jynx,65.0,50.0,35.0,115.0,95.0,95.0,6.0,11.0,1.0,9
Electabuzz,65.0,83.0,57.0,95.0,85.0,105.0,4.0,Unknown,1.0,9
Magmar,65.0,95.0,57.0,100.0,85.0,93.0,2.0,Unknown,1.0,9
Tentacruel,80.0,70.0,65.0,80.0,120.0,100.0,3.0,8.0,1.0,9
Espeon,65.0,65.0,60.0,130.0,95.0,110.0,11.0,Unknown,2.0,9
Alakazam,55.0,50.0,45.0,135.0,95.0,120.0,11.0,Unknown,1.0,9
Mismagius,60.0,60.0,60.0,105.0,105.0,105.0,14.0,Unknown,4.0,9
Xatu,65.0,75.0,70.0,95.0,70.0,95.0,11.0,10.0,2.0,9
Gengar,60.0,65.0,60.0,130.0,75.0,110.0,14.0,8.0,1.0,9
Magnemite,25.0,35.0,70.0,95.0,55.0,45.0,4.0,17.0,1.0,10
Horsea,30.0,40.0,70.0,70.0,25.0,60.0,3.0,Unknown,1.0,10
Cubone,50.0,50.0,95.0,40.0,50.0,35.0,9.0,Unknown,1.0,10
Exeggcute,60.0,40.0,80.0,60.0,45.0,40.0,5.0,11.0,1.0,10
Koffing,40.0,65.0,95.0,60.0,45.0,35.0,8.0,Unknown,1.0,10
Omanyte,35.0,40.0,100.0,90.0,55.0,35.0,13.0,3.0,1.0,10
Clamperl,35.0,64.0,85.0,74.0,55.0,32.0,3.0,Unknown,3.0,10
Kabuto,30.0,80.0,90.0,55.0,45.0,55.0,13.0,3.0,1.0,10
Regidrago,200.0,100.0,50.0,100.0,50.0,80.0,15.0,Unknown,8.0,11
Guzzlord,223.0,101.0,53.0,97.0,53.0,43.0,15.0,16.0,7.0,11
Spectrier,100.0,65.0,60.0,145.0,80.0,130.0,14.0,Unknown,8.0,12
Eternatus,140.0,85.0,95.0,145.0,95.0,130.0,8.0,15.0,8.0,12
Miraidon,100.0,85.0,100.0,135.0,115.0,135.0,4.0,15.0,9.0,12
SR Calyrex,100.0,85.0,80.0,165.0,100.0,150.0,11.0,14.0,8.0,12
Ferrothorn,74.0,94.0,131.0,54.0,116.0,20.0,5.0,17.0,5.0,13
Runerigus,58.0,95.0,145.0,50.0,105.0,30.0,9.0,14.0,8.0,13
Pyukumuku,55.0,60.0,130.0,30.0,130.0,5.0,3.0,Unknown,7.0,13
Cosmoem,43.0,29.0,131.0,29.0,131.0,37.0,11.0,Unknown,7.0,13
Scrafty,65.0,90.0,115.0,45.0,115.0,58.0,16.0,7.0,5.0,13
Eternamax,255.0,115.0,250.0,125.0,250.0,130.0,8.0,15.0,8.0,14
Wooloo,42.0,40.0,55.0,40.0,45.0,48.0,1.0,Unknown,8.0,15
Scatterbug,38.0,35.0,40.0,27.0,25.0,35.0,12.0,Unknown,6.0,15
Spewpa,45.0,22.0,60.0,27.0,30.0,29.0,12.0,Unknown,6.0,15
Noibat,40.0,30.0,35.0,45.0,40.0,55.0,10.0,15.0,6.0,15
Bounsweet,42.0,30.0,38.0,30.0,38.0,32.0,5.0,Unknown,7.0,15
Impidimp,45.0,45.0,30.0,55.0,40.0,50.0,16.0,18.0,8.0,15
Hatenna,42.0,30.0,45.0,56.0,53.0,39.0,11.0,Unknown,8.0,15
Rolycoly,30.0,40.0,50.0,40.0,50.0,30.0,13.0,Unknown,8.0,15
Cosmog,43.0,29.0,31.0,29.0,31.0,37.0,11.0,Unknown,7.0,15
Toxel,40.0,38.0,35.0,54.0,35.0,40.0,4.0,8.0,8.0,15
Wishiwashi,45.0,20.0,20.0,25.0,25.0,40.0,3.0,Unknown,7.0,15
Fomantis,40.0,55.0,35.0,50.0,35.0,35.0,5.0,Unknown,7.0,15
Snom,30.0,25.0,35.0,45.0,30.0,20.0,6.0,12.0,8.0,15
Nickit,40.0,28.0,28.0,47.0,52.0,50.0,16.0,Unknown,8.0,15
Bunnelby,38.0,36.0,38.0,32.0,36.0,57.0,1.0,Unknown,6.0,15
Charcadet,40.0,50.0,40.0,50.0,40.0,35.0,2.0,Unknown,9.0,15
Smoliv,41.0,35.0,45.0,58.0,51.0,30.0,5.0,1.0,9.0,15
Nymble,33.0,46.0,40.0,21.0,25.0,45.0,12.0,Unknown,9.0,15
Tarountula,35.0,41.0,45.0,29.0,40.0,20.0,12.0,Unknown,9.0,15
Lechonk,54.0,45.0,40.0,35.0,45.0,35.0,1.0,Unknown,9.0,15
Blipibug,25.0,20.0,20.0,25.0,45.0,45.0,12.0,Unknown,8.0,15
Tadbulb,61.0,31.0,41.0,59.0,35.0,45.0,4.0,Unknown,9.0,15
Brambleghast,55.0,115.0,70.0,80.0,70.0,90.0,5.0,14.0,9.0,16
Flamigo,82.0,115.0,74.0,75.0,64.0,90.0,10.0,7.0,9.0,16
Barraskewda,61.0,123.0,60.0,60.0,50.0,136.0,3.0,Unknown,8.0,16
Day Lycanroc,75.0,115.0,65.0,55.0,65.0,112.0,13.0,Unknown,7.0,16
Sawsbuck,80.0,100.0,70.0,60.0,70.0,95.0,1.0,5.0,5.0,16
Zygarde 10%,54.0,100.0,71.0,61.0,85.0,115.0,9.0,15.0,6.0,16
Weavile,70.0,120.0,65.0,45.0,85.0,125.0,16.0,Unknown,4.0,16
Pawmot,70.0,115.0,70.0,70.0,60.0,105.0,4.0,7.0,9.0,16
Dusk Lycanroc,75.0,117.0,65.0,55.0,65.0,110.0,13.0,Unknown,7.0,16
Unfezant,80.0,115.0,80.0,65.0,55.0,93.0,1.0,10.0,5.0,16
Scolipede,60.0,100.0,89.0,55.0,69.0,112.0,12.0,8.0,5.0,16
Bruxish,68.0,105.0,70.0,70.0,70.0,92.0,3.0,11.0,7.0,16
Sneasler,80.0,130.0,60.0,40.0,80.0,120.0,8.0,7.0,8.0,16
H. Lilligant,70.0,105.0,75.0,50.0,75.0,105.0,5.0,7.0,5.0,16
Cinderace,80.0,116.0,75.0,65.0,75.0,119.0,2.0,Unknown,8.0,16
Meowscarada,76.0,110.0,70.0,81.0,70.0,123.0,5.0,16.0,9.0,16
Poliwag,40.0,50.0,40.0,40.0,40.0,90.0,3.0,Unknown,1.0,17
Mankey,40.0,80.0,35.0,35.0,45.0,70.0,7.0,Unknown,1.0,17
Meowth,40.0,45.0,35.0,40.0,40.0,90.0,1.0,Unknown,1.0,17
Spearow,40.0,60.0,30.0,31.0,31.0,70.0,1.0,10.0,1.0,17
Doduo,35.0,85.0,45.0,35.0,35.0,75.0,1.0,10.0,1.0,17
Rattata,30.0,56.0,35.0,25.0,35.0,72.0,1.0,Unknown,1.0,17
Zubat,40.0,45.0,35.0,30.0,40.0,55.0,8.0,10.0,1.0,17
Alolan Meowth,40.0,35.0,35.0,50.0,40.0,90.0,16.0,Unknown,1.0,17
Alolan Diglett,10.0,55.0,30.0,35.0,45.0,90.0,9.0,17.0,1.0,17
Pidgey,40.0,45.0,40.0,35.0,35.0,56.0,1.0,10.0,1.0,17
Diglett,10.0,55.0,25.0,35.0,45.0,95.0,9.0,Unknown,1.0,17
Pichu,20.0,40.0,15.0,35.0,35.0,60.0,4.0,Unknown,2.0,17
Magikarp,20.0,10.0,55.0,15.0,20.0,80.0,3.0,Unknown,1.0,17
Shedinja,1.0,90.0,45.0,30.0,30.0,40.0,12.0,14.0,3.0,17
Taillow,40.0,55.0,30.0,30.0,30.0,85.0,1.0,10.0,3.0,17
Alolan Rattata,30.0,56.0,35.0,25.0,35.0,72.0,16.0,1.0,1.0,17
Mightyena,70.0,90.0,70.0,60.0,60.0,70.0,16.0,Unknown,3.0,18
Kricketune,77.0,85.0,51.0,55.0,51.0,65.0,12.0,Unknown,4.0,18
Delcatty,70.0,65.0,65.0,55.0,55.0,90.0,1.0,Unknown,3.0,18
Bibarel,79.0,85.0,60.0,55.0,60.0,71.0,1.0,Unknown,4.0,18
Pignite,90.0,93.0,55.0,70.0,55.0,55.0,2.0,7.0,5.0,18
Dewott,75.0,75.0,60.0,83.0,60.0,60.0,3.0,Unknown,5.0,18
Palpitoad,75.0,65.0,55.0,65.0,55.0,69.0,3.0,9.0,5.0,18
Linoone,78.0,70.0,61.0,50.0,61.0,100.0,1.0,Unknown,3.0,18
G. Linoone,78.0,70.0,61.0,50.0,61.0,100.0,16.0,1.0,3.0,18
Zangoose,73.0,115.0,60.0,60.0,60.0,90.0,1.0,Unknown,3.0,18
Monferno,64.0,78.0,52.0,78.0,52.0,81.0,2.0,Unknown,4.0,18
Vigoroth,80.0,80.0,80.0,55.0,55.0,90.0,1.0,Unknown,3.0,18
Solrock,90.0,95.0,85.0,55.0,65.0,70.0,13.0,11.0,3.0,18
Furret,85.0,76.0,64.0,45.0,55.0,90.0,1.0,Unknown,2.0,18
Gabite,68.0,90.0,65.0,50.0,55.0,82.0,15.0,Unknown,4.0,18
Skuntank,103.0,93.0,67.0,71.0,61.0,84.0,8.0,Unknown,4.0,18
Zweilous,72.0,85.0,70.0,65.0,70.0,58.0,16.0,15.0,5.0,18
Watchog,60.0,85.0,69.0,60.0,69.0,77.0,1.0,Unknown,5.0,18
Nidorina,70.0,62.0,67.0,55.0,55.0,56.0,8.0,Unknown,1.0,19
Marshtomp,70.0,85.0,70.0,60.0,70.0,50.0,3.0,9.0,3.0,19
Pupitar,70.0,84.0,70.0,65.0,70.0,51.0,13.0,9.0,2.0,19
Wartortle,59.0,63.0,80.0,65.0,80.0,58.0,3.0,Unknown,1.0,19
Ivysaur,60.0,62.0,63.0,80.0,80.0,60.0,5.0,8.0,1.0,19
Sun Castform,70.0,70.0,70.0,70.0,70.0,70.0,2.0,Unknown,3.0,19
Parasect,60.0,95.0,80.0,60.0,80.0,30.0,12.0,5.0,1.0,19
Croconaw,65.0,80.0,80.0,59.0,63.0,58.0,3.0,Unknown,2.0,19
Dragonair,61.0,84.0,65.0,70.0,70.0,70.0,15.0,Unknown,1.0,19
Porygon,65.0,60.0,70.0,85.0,75.0,40.0,1.0,Unknown,1.0,19
Ariados,70.0,90.0,70.0,60.0,70.0,40.0,12.0,8.0,2.0,19
Rain Castform,70.0,70.0,70.0,70.0,70.0,70.0,3.0,Unknown,3.0,19
Hail Castform,70.0,70.0,70.0,70.0,70.0,70.0,6.0,Unknown,3.0,19
Castform,70.0,70.0,70.0,70.0,70.0,70.0,1.0,Unknown,3.0,19
Prinplup,64.0,66.0,68.0,81.0,76.0,50.0,3.0,Unknown,4.0,19
G. Farfetch'd,52.0,95.0,55.0,58.0,62.0,55.0,7.0,Unknown,1.0,19
Gloom,60.0,65.0,70.0,85.0,75.0,40.0,5.0,8.0,1.0,19
Flaaffy,70.0,55.0,55.0,80.0,60.0,45.0,4.0,Unknown,2.0,19
Spinda,60.0,60.0,60.0,60.0,60.0,60.0,1.0,Unknown,3.0,19
Grotle,75.0,89.0,85.0,55.0,65.0,36.0,5.0,Unknown,4.0,19
Farfetch'd,52.0,90.0,55.0,58.0,62.0,60.0,1.0,10.0,1.0,19
Bayleef,60.0,62.0,80.0,63.0,80.0,60.0,5.0,Unknown,2.0,19
Machoke,80.0,100.0,70.0,50.0,60.0,45.0,7.0,Unknown,1.0,19
Mawile,50.0,85.0,85.0,55.0,55.0,50.0,17.0,18.0,3.0,19
Sableye,50.0,75.0,75.0,65.0,65.0,50.0,16.0,14.0,3.0,19
Eelektrik,65.0,85.0,70.0,75.0,70.0,40.0,4.0,Unknown,5.0,19
Combusken,60.0,85.0,60.0,85.0,60.0,55.0,2.0,7.0,3.0,19
B Aegislash,60.0,140.0,50.0,140.0,50.0,60.0,14.0,17.0,6.0,20
Decidueye,78.0,107.0,75.0,100.0,100.0,70.0,5.0,14.0,7.0,20
H. Decidueye,88.0,112.0,80.0,95.0,95.0,60.0,5.0,7.0,8.0,20
Toxtricity A,75.0,98.0,70.0,114.0,70.0,75.0,4.0,8.0,8.0,20
Veluza,90.0,102.0,73.0,78.0,65.0,70.0,3.0,11.0,9.0,20
Grimmsnarl,95.0,120.0,65.0,95.0,75.0,60.0,16.0,18.0,8.0,20
Flapple,70.0,110.0,80.0,95.0,60.0,70.0,5.0,15.0,8.0,20
Quaquaval,85.0,120.0,80.0,85.0,75.0,85.0,3.0,7.0,9.0,20
Wyrdeer,103.0,105.0,72.0,105.0,75.0,65.0,1.0,11.0,8.0,20
Scovillain,65.0,108.0,65.0,108.0,65.0,75.0,5.0,2.0,9.0,20
Toxtricity Low,75.0,98.0,70.0,114.0,70.0,75.0,8.0,4.0,8.0,20
Carvanha,45.0,90.0,20.0,65.0,20.0,65.0,3.0,16.0,3.0,21
Torchic,45.0,60.0,40.0,70.0,50.0,45.0,2.0,Unknown,3.0,21
Nuzleaf,70.0,70.0,40.0,60.0,40.0,60.0,5.0,16.0,3.0,21
Cacnea,50.0,85.0,40.0,85.0,40.0,35.0,5.0,Unknown,3.0,21
Weepinbell,65.0,90.0,50.0,85.0,45.0,55.0,5.0,8.0,1.0,21
Remoraid,35.0,65.0,35.0,65.0,35.0,65.0,3.0,Unknown,2.0,21
Beautifly,60.0,70.0,50.0,100.0,50.0,65.0,12.0,10.0,3.0,21
Bellsprout,50.0,75.0,35.0,70.0,30.0,40.0,5.0,8.0,1.0,21
Growlithe,55.0,70.0,45.0,70.0,50.0,60.0,2.0,Unknown,1.0,21
Shuppet,44.0,75.0,35.0,63.0,33.0,45.0,14.0,Unknown,3.0,21
Numel,60.0,60.0,40.0,65.0,45.0,35.0,2.0,9.0,3.0,21
Unown,48.0,72.0,48.0,72.0,48.0,48.0,11.0,Unknown,2.0,21
Houndour,45.0,60.0,30.0,80.0,50.0,65.0,16.0,2.0,2.0,21
Hisuian Growlithe,60.0,75.0,45.0,65.0,50.0,55.0,2.0,13.0,1.0,21
Loudred,84.0,71.0,43.0,71.0,43.0,48.0,1.0,Unknown,3.0,21
Lileep,66.0,41.0,77.0,61.0,87.0,23.0,13.0,5.0,3.0,22
Klang,60.0,80.0,95.0,70.0,85.0,50.0,17.0,Unknown,5.0,22
Kecleon,60.0,90.0,70.0,60.0,120.0,40.0,1.0,Unknown,3.0,22
Togetic,55.0,40.0,85.0,80.0,105.0,40.0,18.0,10.0,2.0,22
Metang,60.0,75.0,100.0,55.0,80.0,50.0,17.0,11.0,3.0,22
Claydol,60.0,70.0,105.0,70.0,120.0,75.0,9.0,11.0,3.0,22
Vespiquen,70.0,80.0,102.0,80.0,102.0,40.0,12.0,Unknown,4.0,22
Wormadam (S),60.0,79.0,105.0,59.0,85.0,36.0,12.0,9.0,4.0,22
Marowak,60.0,80.0,110.0,50.0,80.0,45.0,9.0,Unknown,1.0,22
Corsola,65.0,55.0,95.0,65.0,95.0,35.0,3.0,13.0,2.0,22
Swadloon,55.0,63.0,90.0,50.0,80.0,42.0,12.0,5.0,5.0,22
Spiritomb,50.0,92.0,108.0,92.0,108.0,35.0,14.0,Unknown,4.0,22
Wormadam (P),60.0,59.0,85.0,79.0,105.0,36.0,12.0,Unknown,4.0,22
A. Marowak,60.0,80.0,110.0,50.0,80.0,45.0,14.0,2.0,1.0,22
Bronzong,67.0,89.0,116.0,79.0,116.0,33.0,17.0,Unknown,4.0,22
Wormadam (T),60.0,69.0,95.0,69.0,95.0,36.0,12.0,17.0,4.0,22
Darkrai,70.0,90.0,90.0,135.0,90.0,125.0,16.0,Unknown,4.0,23
Origin Dialga,100.0,100.0,120.0,150.0,120.0,90.0,17.0,15.0,4.0,23
Mewtwo,106.0,110.0,90.0,154.0,90.0,130.0,11.0,Unknown,1.0,23
Keldeo,91.0,72.0,90.0,129.0,90.0,108.0,3.0,7.0,5.0,23
Origin Palkia,90.0,100.0,100.0,150.0,120.0,120.0,3.0,15.0,4.0,23
Latios,80.0,90.0,80.0,130.0,110.0,110.0,15.0,11.0,3.0,23
Kyogre,100.0,100.0,90.0,150.0,140.0,90.0,3.0,Unknown,3.0,23
Stakataka,61.0,131.0,211.0,53.0,101.0,13.0,13.0,17.0,7.0,24
Aggron,70.0,110.0,180.0,60.0,60.0,50.0,17.0,13.0,3.0,24
Cloyster,50.0,95.0,180.0,85.0,45.0,70.0,3.0,6.0,1.0,24
Regirock,80.0,100.0,200.0,50.0,100.0,50.0,13.0,Unknown,3.0,24
Steelix,75.0,85.0,200.0,55.0,65.0,30.0,17.0,9.0,2.0,24
Palossand,85.0,75.0,110.0,100.0,75.0,35.0,14.0,9.0,7.0,25
Type: Null,95.0,95.0,95.0,95.0,95.0,59.0,1.0,Unknown,7.0,25
Arctovish,90.0,90.0,100.0,80.0,90.0,55.0,3.0,6.0,8.0,25
Bellibolt,109.0,64.0,91.0,103.0,83.0,45.0,4.0,Unknown,9.0,25
Skeledirge,104.0,75.0,100.0,100.0,76.0,66.0,2.0,14.0,9.0,25
Applerun,110.0,85.0,80.0,100.0,80.0,30.0,5.0,15.0,8.0,25
Coalossal,110.0,80.0,120.0,80.0,90.0,30.0,13.0,2.0,8.0,25
Arctozolt,90.0,100.0,90.0,90.0,80.0,55.0,4.0,6.0,8.0,25
Blissey,255.0,10.0,10.0,75.0,135.0,55.0,1.0,Unknown,2.0,26
Chansey,250.0,5.0,5.0,35.0,105.0,50.0,1.0,Unknown,1.0,26
L Pumpkaboo,54.0,66.0,70.0,44.0,55.0,46.0,14.0,5.0,6.0,27
Grubbin,47.0,62.0,45.0,55.0,45.0,46.0,12.0,Unknown,7.0,27
Inkay,53.0,54.0,53.0,37.0,46.0,45.0,16.0,11.0,6.0,27
Nacli,55.0,55.0,75.0,35.0,35.0,28.0,13.0,Unknown,9.0,27
Fuecoco,67.0,45.0,59.0,63.0,43.0,36.0,2.0,Unknown,9.0,27
Sizzlipede,50.0,65.0,45.0,50.0,50.0,45.0,2.0,12.0,8.0,27
Maschiff,60.0,78.0,60.0,40.0,51.0,51.0,16.0,Unknown,9.0,27
Fidough,37.0,55.0,70.0,30.0,55.0,65.0,18.0,Unknown,9.0,27
Cufant,72.0,80.0,49.0,40.0,49.0,40.0,17.0,Unknown,8.0,27
Rellor,41.0,50.0,60.0,31.0,58.0,30.0,12.0,Unknown,9.0,27
Chespin,56.0,61.0,65.0,48.0,45.0,38.0,5.0,Unknown,6.0,27
SS Pumpkaboo,59.0,66.0,70.0,44.0,55.0,41.0,14.0,5.0,6.0,27
Phantump,43.0,70.0,48.0,50.0,60.0,38.0,5.0,14.0,6.0,27
Clobbopus,50.0,68.0,60.0,50.0,50.0,32.0,7.0,Unknown,8.0,27
Quaxly,55.0,65.0,45.0,50.0,45.0,50.0,3.0,Unknown,9.0,27
S Pumpkaboo,44.0,66.0,70.0,44.0,55.0,56.0,5.0,14.0,6.0,27
Bergmite,55.0,69.0,85.0,32.0,35.0,28.0,6.0,Unknown,6.0,27
Rowlet,68.0,55.0,55.0,50.0,50.0,42.0,5.0,10.0,7.0,27
Binacle,42.0,52.0,67.0,39.0,56.0,50.0,13.0,3.0,6.0,27
A Pumpkaboo,49.0,66.0,70.0,44.0,55.0,51.0,14.0,5.0,6.0,27
Jangmo-o,45.0,55.0,65.0,45.0,45.0,45.0,15.0,7.0,7.0,27
Greavard,50.0,61.0,60.0,30.0,55.0,34.0,14.0,Unknown,9.0,27
Stufful,70.0,75.0,50.0,45.0,50.0,50.0,1.0,7.0,7.0,27
Cetoddle,108.0,68.0,45.0,30.0,40.0,43.0,6.0,Unknown,9.0,27
Sewaddle,45.0,53.0,70.0,40.0,60.0,42.0,12.0,5.0,5.0,27
Skwovet,70.0,55.0,55.0,35.0,35.0,25.0,1.0,Unknown,8.0,27
Silicobra,52.0,57.0,75.0,35.0,50.0,46.0,9.0,Unknown,8.0,27
Applin,40.0,40.0,80.0,40.0,40.0,20.0,5.0,15.0,8.0,27
Varoom,45.0,70.0,63.0,30.0,45.0,47.0,8.0,17.0,9.0,27
Frigibax,65.0,75.0,45.0,35.0,45.0,55.0,15.0,6.0,9.0,27
Meltan,46.0,65.0,65.0,55.0,35.0,34.0,17.0,Unknown,7.0,27
Mareanie,50.0,53.0,62.0,43.0,52.0,45.0,8.0,3.0,7.0,27
Chewtle,50.0,64.0,50.0,38.0,38.0,44.0,3.0,Unknown,8.0,27
Yamper,59.0,45.0,50.0,40.0,50.0,26.0,4.0,Unknown,8.0,27
Azumarill,100.0,50.0,80.0,60.0,80.0,50.0,3.0,18.0,2.0,28
Lanturn,125.0,58.0,58.0,76.0,76.0,67.0,3.0,4.0,2.0,28
Dewgong,90.0,70.0,80.0,70.0,95.0,70.0,3.0,6.0,1.0,28
Sealeo,90.0,60.0,70.0,75.0,70.0,45.0,6.0,3.0,3.0,28
Whiscash,110.0,78.0,73.0,76.0,71.0,60.0,3.0,9.0,3.0,28
Tropius,99.0,68.0,83.0,72.0,87.0,51.0,5.0,10.0,3.0,28
Noctowl,100.0,50.0,50.0,86.0,96.0,70.0,1.0,10.0,2.0,28
Piloswine,100.0,100.0,80.0,60.0,60.0,50.0,6.0,9.0,2.0,28
Lickitung,90.0,55.0,75.0,60.0,75.0,30.0,1.0,Unknown,1.0,28
Swalot,100.0,73.0,83.0,73.0,83.0,55.0,8.0,Unknown,3.0,28
Quagsire,95.0,85.0,85.0,65.0,65.0,35.0,3.0,9.0,2.0,28
Dunsparce,100.0,70.0,70.0,65.0,65.0,45.0,1.0,Unknown,2.0,28
Pinurchin,48.0,101.0,95.0,91.0,85.0,15.0,4.0,Unknown,8.0,29
Naclstack,60.0,60.0,100.0,35.0,65.0,35.0,13.0,Unknown,9.0,29
Eiscue,75.0,80.0,110.0,65.0,90.0,50.0,6.0,Unknown,8.0,29
Spidops,60.0,79.0,92.0,52.0,86.0,35.0,12.0,Unknown,9.0,29
Carkol,80.0,60.0,90.0,60.0,70.0,50.0,13.0,2.0,8.0,29
Crocalor,81.0,55.0,78.0,90.0,58.0,49.0,2.0,Unknown,9.0,29
Hakamo-o,55.0,75.0,90.0,65.0,70.0,65.0,15.0,7.0,7.0,29
Quilladin,61.0,78.0,95.0,56.0,58.0,57.0,5.0,Unknown,6.0,29
Minior,60.0,60.0,100.0,60.0,100.0,60.0,13.0,10.0,7.0,29
Dartrix,78.0,75.0,75.0,70.0,70.0,52.0,5.0,10.0,7.0,29
Charjabug,57.0,82.0,95.0,55.0,75.0,36.0,12.0,Unknown,7.0,29
Brionne,60.0,69.0,69.0,91.0,81.0,50.0,3.0,Unknown,7.0,29
Amoonguss,114.0,85.0,70.0,85.0,80.0,30.0,5.0,8.0,5.0,30
Aromatisse,101.0,72.0,72.0,99.0,89.0,29.0,18.0,Unknown,6.0,30
Vaporeon,130.0,65.0,60.0,110.0,95.0,65.0,3.0,Unknown,1.0,30
G. Stunfisk,109.0,81.0,99.0,66.0,84.0,32.0,9.0,17.0,5.0,30
Stunfisk,109.0,66.0,84.0,81.0,99.0,32.0,9.0,4.0,5.0,30
Walrein,110.0,80.0,90.0,95.0,90.0,65.0,6.0,3.0,3.0,30
Lapras,130.0,85.0,80.0,85.0,95.0,60.0,3.0,6.0,1.0,30
Lickilicky,110.0,85.0,95.0,80.0,95.0,50.0,1.0,Unknown,4.0,30
Reuniclus,110.0,65.0,75.0,125.0,85.0,30.0,11.0,Unknown,5.0,30
Aurorus,123.0,77.0,72.0,99.0,92.0,58.0,13.0,6.0,6.0,30
Gastrodon,111.0,83.0,68.0,92.0,82.0,39.0,3.0,Unknown,4.0,30
Musharna,116.0,55.0,85.0,107.0,95.0,29.0,11.0,Unknown,5.0,30
Jellicent,100.0,60.0,70.0,85.0,105.0,60.0,3.0,14.0,5.0,30
Yveltal,126.0,131.0,95.0,131.0,98.0,99.0,16.0,10.0,6.0,31
Lunala,137.0,113.0,89.0,137.0,107.0,97.0,11.0,14.0,7.0,31
Xerneas,126.0,131.0,95.0,131.0,98.0,99.0,18.0,Unknown,6.0,31
Arceus,120.0,120.0,120.0,120.0,120.0,120.0,1.0,Unknown,4.0,31
Origin Giratina,150.0,120.0,100.0,120.0,100.0,90.0,14.0,15.0,4.0,31
Solgaleo,137.0,137.0,107.0,113.0,89.0,97.0,11.0,17.0,7.0,31
Giratina,150.0,100.0,120.0,100.0,120.0,90.0,14.0,Unknown,4.0,31
Slaking,150.0,160.0,100.0,95.0,65.0,100.0,1.0,Unknown,3.0,31
Kyurem,125.0,130.0,90.0,130.0,90.0,95.0,15.0,6.0,5.0,31
Poliwhirl,65.0,65.0,65.0,50.0,50.0,90.0,3.0,Unknown,1.0,32
Hisuian Voltorb,40.0,30.0,50.0,55.0,55.0,100.0,4.0,5.0,1.0,32
Alolan Persian,65.0,60.0,60.0,75.0,65.0,115.0,16.0,Unknown,1.0,32
Delibird,45.0,55.0,45.0,65.0,45.0,75.0,6.0,10.0,2.0,32
Yanma,65.0,65.0,45.0,75.0,45.0,95.0,12.0,10.0,2.0,32
Quilava,58.0,64.0,58.0,80.0,65.0,80.0,2.0,Unknown,2.0,32
Grovyle,50.0,65.0,45.0,85.0,65.0,95.0,5.0,Unknown,3.0,32
Staryu,30.0,45.0,55.0,70.0,55.0,85.0,3.0,Unknown,1.0,32
Persian,65.0,70.0,60.0,65.0,65.0,115.0,1.0,Unknown,1.0,32
Aipom,55.0,70.0,55.0,40.0,55.0,85.0,1.0,Unknown,2.0,32
Natu,40.0,50.0,45.0,70.0,45.0,70.0,11.0,10.0,2.0,32
Partner Pikachu,45.0,80.0,50.0,75.0,60.0,120.0,4.0,Unknown,1.0,32
Charmeleon,58.0,64.0,58.0,80.0,65.0,80.0,2.0,Unknown,1.0,32
Galarian Ponyta,50.0,85.0,55.0,65.0,65.0,90.0,11.0,18.0,1.0,32
Voltorb,40.0,30.0,50.0,55.0,55.0,100.0,4.0,Unknown,1.0,32
Skiploom,55.0,45.0,50.0,45.0,65.0,80.0,5.0,10.0,2.0,32
Elekid,45.0,63.0,37.0,65.0,55.0,95.0,4.0,Unknown,2.0,32
Magby,45.0,75.0,37.0,70.0,55.0,83.0,2.0,Unknown,2.0,32
Pikachu,35.0,55.0,40.0,50.0,50.0,90.0,4.0,Unknown,1.0,32
Ponyta,50.0,85.0,55.0,65.0,65.0,90.0,2.0,Unknown,1.0,32
Murkrow,60.0,85.0,42.0,85.0,42.0,91.0,16.0,10.0,2.0,32
Flutter Mane,55.0,55.0,55.0,135.0,135.0,135.0,14.0,18.0,9.0,33
Eternal Floette,74.0,65.0,67.0,125.0,128.0,92.0,18.0,Unknown,6.0,33
Chi-Yu,55.0,80.0,80.0,135.0,120.0,100.0,16.0,2.0,9.0,33
Hoopa (C),80.0,110.0,60.0,150.0,130.0,70.0,11.0,14.0,6.0,33
Florges,78.0,65.0,68.0,112.0,154.0,75.0,18.0,Unknown,6.0,33
Tapu Lele,70.0,85.0,75.0,130.0,115.0,95.0,11.0,18.0,7.0,33
Goodra,90.0,100.0,70.0,110.0,150.0,80.0,15.0,Unknown,6.0,33
Iron Moth,80.0,70.0,60.0,140.0,110.0,110.0,2.0,8.0,9.0,33
Nihilego,109.0,53.0,47.0,127.0,131.0,103.0,13.0,8.0,7.0,33
Volcarona,85.0,60.0,65.0,135.0,105.0,100.0,12.0,2.0,5.0,33
Meloetta (A),100.0,77.0,77.0,128.0,128.0,90.0,1.0,11.0,5.0,33
Leavanny,75.0,103.0,80.0,70.0,80.0,92.0,12.0,5.0,5.0,34
Calyrex,100.0,80.0,80.0,80.0,80.0,80.0,5.0,11.0,8.0,34
Slurpuff,82.0,80.0,86.0,85.0,75.0,72.0,18.0,Unknown,6.0,34
Garbodor,80.0,95.0,82.0,60.0,82.0,75.0,8.0,Unknown,5.0,34
Klefki,57.0,80.0,91.0,80.0,87.0,75.0,17.0,18.0,6.0,34
Falinks,65.0,100.0,100.0,70.0,60.0,75.0,7.0,Unknown,8.0,34
Malamar,86.0,92.0,88.0,68.0,75.0,73.0,16.0,11.0,6.0,34
Stoutland,85.0,110.0,90.0,45.0,90.0,80.0,1.0,Unknown,5.0,34
Dracozolt,90.0,100.0,90.0,80.0,70.0,75.0,4.0,15.0,8.0,34
Corviknight,98.0,87.0,105.0,53.0,85.0,67.0,10.0,17.0,8.0,34
Midnight Lycanroc,85.0,115.0,75.0,55.0,75.0,82.0,13.0,Unknown,7.0,34
Dracovish,90.0,90.0,100.0,70.0,80.0,75.0,3.0,15.0,8.0,34
Fearow,65.0,90.0,65.0,61.0,61.0,100.0,1.0,10.0,1.0,35
Primeape,65.0,105.0,60.0,60.0,70.0,95.0,7.0,Unknown,1.0,35
Rapidash,65.0,100.0,70.0,80.0,80.0,105.0,2.0,Unknown,1.0,35
Dugtrio,35.0,100.0,50.0,50.0,70.0,120.0,9.0,Unknown,1.0,35
Dodrio,60.0,110.0,70.0,60.0,60.0,110.0,1.0,10.0,1.0,35
Pidgeot,83.0,80.0,75.0,70.0,70.0,101.0,1.0,10.0,1.0,35
Golbat,75.0,80.0,70.0,65.0,75.0,90.0,8.0,10.0,1.0,35
Kabutops,60.0,115.0,105.0,65.0,70.0,80.0,13.0,3.0,1.0,35
Tauros,75.0,100.0,95.0,40.0,70.0,110.0,1.0,Unknown,1.0,35
Pinsir,65.0,125.0,100.0,55.0,70.0,85.0,12.0,Unknown,1.0,35
Raticate,55.0,81.0,60.0,50.0,70.0,97.0,1.0,Unknown,1.0,35
Arbok,60.0,95.0,69.0,65.0,79.0,80.0,8.0,Unknown,1.0,35
Hitmonlee,50.0,120.0,53.0,35.0,110.0,87.0,7.0,Unknown,1.0,35
Aerodactyl,80.0,105.0,65.0,60.0,75.0,130.0,13.0,10.0,1.0,35
Scyther,70.0,110.0,80.0,55.0,80.0,105.0,12.0,10.0,1.0,35
P. Tauros W,75.0,110.0,105.0,30.0,70.0,100.0,7.0,3.0,1.0,35
Qwilfish,65.0,95.0,85.0,55.0,55.0,85.0,3.0,8.0,2.0,35
H. Qwilfish,65.0,95.0,85.0,55.0,55.0,85.0,8.0,16.0,2.0,35
H. Sneasel,55.0,95.0,55.0,35.0,75.0,115.0,8.0,7.0,2.0,35
Galarian Rapidash,65.0,100.0,70.0,80.0,80.0,105.0,11.0,18.0,1.0,35
Crobat,85.0,90.0,80.0,70.0,80.0,130.0,8.0,10.0,2.0,35
P. Tauros F,75.0,110.0,105.0,30.0,70.0,100.0,7.0,2.0,1.0,35
Alolan Dugtrio,35.0,100.0,60.0,50.0,70.0,110.0,9.0,17.0,1.0,35
P. Tauros,75.0,110.0,105.0,30.0,70.0,100.0,7.0,Unknown,1.0,35
Sneasel,55.0,95.0,55.0,35.0,75.0,115.0,16.0,6.0,2.0,35
Miltank,95.0,80.0,105.0,40.0,70.0,100.0,1.0,Unknown,2.0,35
Golem,80.0,120.0,130.0,55.0,65.0,45.0,13.0,9.0,1.0,36
Armaldo,75.0,125.0,100.0,70.0,80.0,45.0,13.0,12.0,3.0,36
Sudowoodo,70.0,100.0,115.0,30.0,65.0,30.0,13.0,Unknown,2.0,36
Lairon,60.0,90.0,140.0,50.0,50.0,40.0,17.0,13.0,3.0,36
Relicanth,100.0,90.0,130.0,45.0,65.0,55.0,3.0,13.0,3.0,36
Shelgon,65.0,95.0,100.0,60.0,50.0,50.0,15.0,Unknown,3.0,36
Kingler,55.0,130.0,115.0,50.0,50.0,75.0,3.0,Unknown,1.0,36
Forretress,75.0,90.0,140.0,60.0,60.0,40.0,12.0,17.0,2.0,36
Scizor,70.0,130.0,100.0,55.0,80.0,65.0,12.0,17.0,2.0,36
Hippowdon,108.0,112.0,118.0,68.0,72.0,47.0,9.0,Unknown,4.0,36
Donphan,90.0,120.0,120.0,60.0,60.0,50.0,9.0,Unknown,2.0,36
Rhyperior,115.0,140.0,130.0,55.0,55.0,40.0,9.0,Unknown,4.0,36
Sandslash,75.0,100.0,110.0,45.0,55.0,65.0,9.0,Unknown,1.0,36
Rhydon,105.0,130.0,120.0,45.0,45.0,40.0,9.0,13.0,1.0,36
Alolan Sandslash,75.0,100.0,120.0,25.0,65.0,65.0,6.0,17.0,1.0,36
Alolan Golem,80.0,120.0,130.0,55.0,65.0,45.0,13.0,4.0,1.0,36
Terrakion,91.0,129.0,90.0,72.0,90.0,108.0,13.0,7.0,5.0,37
Tapu Koko,70.0,115.0,85.0,95.0,75.0,130.0,4.0,18.0,7.0,37
Chien-Pao,80.0,120.0,80.0,90.0,65.0,135.0,16.0,6.0,9.0,37
Iron Valiant,74.0,130.0,90.0,120.0,60.0,116.0,7.0,18.0,9.0,37
Meloetta (P),100.0,128.0,90.0,77.0,77.0,128.0,1.0,7.0,5.0,37
Dragapult,88.0,120.0,75.0,100.0,75.0,142.0,15.0,14.0,8.0,37
Marshadow,90.0,125.0,80.0,90.0,90.0,125.0,7.0,14.0,7.0,37
Zerora,88.0,112.0,75.0,102.0,80.0,143.0,4.0,Unknown,7.0,37
Garchomp,108.0,130.0,95.0,80.0,85.0,102.0,15.0,Unknown,4.0,37
Wurmple,45.0,45.0,35.0,20.0,30.0,20.0,12.0,Unknown,3.0,38
Marill,70.0,20.0,50.0,20.0,50.0,40.0,3.0,18.0,2.0,38
Silcoon,50.0,35.0,55.0,25.0,25.0,15.0,12.0,Unknown,3.0,38
Sunkern,30.0,30.0,30.0,30.0,30.0,30.0,5.0,Unknown,2.0,38
Wooper,55.0,45.0,45.0,25.0,25.0,15.0,3.0,9.0,2.0,38
Ralts,28.0,25.0,25.0,45.0,35.0,40.0,11.0,18.0,3.0,38
Whismur,64.0,51.0,23.0,51.0,23.0,28.0,1.0,Unknown,3.0,38
Burmy,40.0,29.0,45.0,29.0,45.0,36.0,12.0,Unknown,4.0,38
Skitty,50.0,45.0,45.0,35.0,35.0,50.0,1.0,Unknown,3.0,38
Seedot,40.0,40.0,50.0,30.0,30.0,30.0,5.0,Unknown,3.0,38
Tyrogue,35.0,35.0,35.0,35.0,35.0,35.0,7.0,Unknown,2.0,38
Azurill,50.0,20.0,40.0,20.0,40.0,20.0,1.0,18.0,3.0,38
Cascoon,50.0,35.0,55.0,25.0,25.0,15.0,12.0,Unknown,3.0,38
Lotad,40.0,30.0,30.0,40.0,50.0,30.0,3.0,5.0,3.0,38
Kakuna,45.0,25.0,50.0,25.0,25.0,35.0,12.0,8.0,1.0,38
Spinarak,40.0,60.0,40.0,40.0,40.0,30.0,12.0,8.0,2.0,38
Slugma,40.0,40.0,40.0,70.0,40.0,20.0,2.0,Unknown,2.0,38
Togepi,35.0,20.0,65.0,40.0,65.0,20.0,18.0,Unknown,2.0,38
P. Wooper,55.0,45.0,45.0,25.0,25.0,15.0,8.0,9.0,2.0,38
Cleffa,50.0,25.0,28.0,45.0,55.0,15.0,18.0,Unknown,2.0,38
Weedle,40.0,35.0,30.0,20.0,20.0,50.0,12.0,8.0,1.0,38
Poochyena,35.0,55.0,35.0,30.0,30.0,35.0,16.0,Unknown,3.0,38
Sentret,35.0,46.0,34.0,35.0,45.0,20.0,1.0,Unknown,2.0,38
Kricketot,37.0,25.0,41.0,25.0,41.0,25.0,12.0,Unknown,4.0,38
Metapod,50.0,20.0,55.0,25.0,25.0,30.0,12.0,Unknown,1.0,38
Swinub,50.0,50.0,40.0,30.0,30.0,50.0,6.0,9.0,2.0,38
Bidoof,59.0,45.0,40.0,35.0,40.0,31.0,1.0,Unknown,4.0,38
Caterpie,45.0,30.0,35.0,20.0,20.0,45.0,12.0,Unknown,1.0,38
Houndstone,72.0,101.0,100.0,50.0,97.0,68.0,14.0,Unknown,9.0,39
Dashbun,57.0,80.0,115.0,50.0,80.0,95.0,18.0,Unknown,9.0,39
Serperior,75.0,75.0,95.0,75.0,95.0,113.0,5.0,Unknown,5.0,39
Obstagoon,93.0,90.0,101.0,60.0,81.0,95.0,16.0,1.0,8.0,39
Tinkaton,85.0,75.0,77.0,70.0,105.0,94.0,18.0,17.0,9.0,39
Scream Tail,115.0,65.0,99.0,65.0,115.0,111.0,18.0,11.0,9.0,39
Dubwool,72.0,80.0,100.0,60.0,90.0,88.0,1.0,Unknown,8.0,39
Mimikyu,55.0,90.0,80.0,50.0,105.0,96.0,14.0,18.0,7.0,39
Bombirdier,70.0,103.0,85.0,60.0,85.0,82.0,10.0,16.0,9.0,39
Theivul,70.0,58.0,58.0,87.0,92.0,90.0,16.0,Unknown,8.0,40
Tatsugiri,68.0,50.0,60.0,120.0,95.0,82.0,15.0,3.0,9.0,40
F Indeedee,70.0,55.0,65.0,95.0,105.0,85.0,11.0,1.0,8.0,40
Comfey,51.0,52.0,90.0,82.0,110.0,100.0,18.0,Unknown,7.0,40
M Indeedee,60.0,65.0,55.0,105.0,95.0,95.0,11.0,Unknown,8.0,40
Cramorant,70.0,85.0,55.0,85.0,95.0,85.0,10.0,3.0,8.0,40
Heliolisk,62.0,55.0,52.0,109.0,94.0,109.0,4.0,1.0,6.0,40
Cryogonal,80.0,50.0,50.0,95.0,135.0,105.0,6.0,Unknown,5.0,40
Sliggoo,68.0,75.0,53.0,83.0,113.0,60.0,15.0,Unknown,6.0,40
Toedscruel,80.0,70.0,65.0,80.0,120.0,100.0,5.0,9.0,9.0,40
Delphox,75.0,69.0,72.0,114.0,100.0,104.0,2.0,11.0,6.0,40
Gogoat,123.0,100.0,62.0,97.0,81.0,68.0,5.0,Unknown,6.0,41
Copperajah,122.0,130.0,69.0,80.0,69.0,30.0,17.0,Unknown,8.0,41
Oinkologne-M,110.0,100.0,75.0,59.0,80.0,65.0,1.0,Unknown,9.0,41
Dudunsparce,125.0,100.0,80.0,85.0,75.0,55.0,1.0,Unknown,9.0,41
Farigaraf,120.0,90.0,70.0,110.0,70.0,60.0,1.0,11.0,9.0,41
Clodsire,130.0,75.0,60.0,45.0,100.0,20.0,8.0,9.0,9.0,41
Centiskorch,100.0,115.0,65.0,90.0,90.0,65.0,2.0,12.0,8.0,41
MBasculegion,120.0,112.0,65.0,80.0,75.0,78.0,3.0,14.0,8.0,41
FBasculegion,120.0,92.0,65.0,100.0,75.0,78.0,3.0,14.0,8.0,41
Oinkologne-F,115.0,90.0,70.0,59.0,90.0,65.0,1.0,Unknown,9.0,41
Bewear,120.0,125.0,80.0,55.0,60.0,60.0,1.0,7.0,7.0,41
Urshifu SS,100.0,130.0,100.0,63.0,60.0,97.0,7.0,16.0,8.0,42
Kleavor,70.0,130.0,95.0,45.0,75.0,85.0,12.0,13.0,8.0,42
Rillaboom,100.0,125.0,90.0,60.0,70.0,85.0,5.0,Unknown,8.0,42
Overqwil,85.0,115.0,95.0,65.0,65.0,85.0,8.0,16.0,8.0,42
Kartana,59.0,181.0,131.0,59.0,31.0,109.0,5.0,17.0,7.0,42
Buzzwole,107.0,139.0,139.0,53.0,53.0,79.0,12.0,7.0,7.0,42
Iron Treads,90.0,112.0,120.0,72.0,70.0,106.0,9.0,17.0,9.0,42
Passimian,100.0,120.0,90.0,40.0,60.0,80.0,7.0,Unknown,7.0,42
Drednaw,90.0,115.0,90.0,48.0,68.0,74.0,3.0,13.0,8.0,42
Revaroom,80.0,119.0,90.0,54.0,67.0,90.0,8.0,17.0,9.0,42
RS Urshifu,100.0,130.0,100.0,63.0,60.0,97.0,3.0,7.0,8.0,42
Great Tusk,115.0,131.0,131.0,53.0,53.0,87.0,9.0,7.0,9.0,42
Mabosstiff,80.0,120.0,90.0,60.0,70.0,85.0,16.0,Unknown,9.0,42
Ducklett,62.0,44.0,50.0,44.0,50.0,55.0,3.0,10.0,5.0,43
Deerling,60.0,60.0,50.0,40.0,50.0,75.0,1.0,5.0,5.0,43
Joltik,50.0,47.0,50.0,57.0,50.0,65.0,12.0,4.0,5.0,43
Venipede,30.0,45.0,59.0,30.0,39.0,57.0,12.0,8.0,5.0,43
H. Zorua,35.0,60.0,40.0,85.0,40.0,70.0,1.0,14.0,5.0,43
Minccino,55.0,50.0,40.0,40.0,40.0,75.0,1.0,Unknown,5.0,43
Sandile,50.0,72.0,35.0,35.0,35.0,65.0,9.0,16.0,5.0,43
Espurr,62.0,48.0,54.0,63.0,60.0,68.0,11.0,Unknown,6.0,43
Zorua,40.0,65.0,40.0,80.0,40.0,65.0,16.0,Unknown,5.0,43
Froakie,41.0,56.0,40.0,62.0,44.0,71.0,3.0,Unknown,6.0,43
Fletchling,45.0,50.0,43.0,40.0,38.0,62.0,1.0,10.0,6.0,43
Trubbish,50.0,50.0,62.0,40.0,62.0,65.0,8.0,Unknown,5.0,43
Helioptile,44.0,38.0,33.0,61.0,43.0,70.0,4.0,1.0,6.0,43
Tynamo,35.0,55.0,40.0,45.0,40.0,60.0,4.0,Unknown,5.0,43
Fennekin,40.0,45.0,40.0,62.0,60.0,60.0,2.0,Unknown,6.0,43
Tympole,50.0,50.0,40.0,50.0,40.0,64.0,3.0,Unknown,5.0,43
Lillipup,45.0,60.0,45.0,25.0,45.0,55.0,1.0,Unknown,5.0,43
Buizel,55.0,65.0,35.0,60.0,30.0,85.0,3.0,Unknown,4.0,43
Finneon,49.0,49.0,56.0,49.0,61.0,66.0,3.0,Unknown,4.0,43
Snivy,45.0,45.0,55.0,45.0,55.0,63.0,5.0,Unknown,5.0,43
Croagunk,48.0,61.0,40.0,61.0,40.0,50.0,8.0,Unknown,4.0,43
Riolu,40.0,70.0,40.0,35.0,40.0,60.0,7.0,Unknown,4.0,43
Vibrava,50.0,70.0,50.0,50.0,50.0,70.0,9.0,15.0,3.0,43
Pansage,50.0,53.0,48.0,53.0,48.0,64.0,5.0,Unknown,5.0,43
Pansear,50.0,53.0,48.0,53.0,48.0,64.0,2.0,Unknown,5.0,43
Panpour,50.0,53.0,48.0,53.0,48.0,64.0,3.0,Unknown,5.0,43
Blitzle,45.0,60.0,32.0,50.0,32.0,76.0,4.0,Unknown,5.0,43
Stunky,63.0,63.0,47.0,41.0,41.0,74.0,8.0,Unknown,4.0,43
Glameow,49.0,55.0,42.0,42.0,37.0,85.0,1.0,Unknown,4.0,43
Purrloin,41.0,50.0,37.0,50.0,37.0,66.0,16.0,Unknown,5.0,43
Chimchar,44.0,58.0,44.0,58.0,44.0,61.0,2.0,Unknown,4.0,43
Starly,40.0,55.0,30.0,30.0,30.0,60.0,1.0,Unknown,4.0,43
Drifloon,90.0,50.0,34.0,60.0,44.0,70.0,14.0,Unknown,4.0,43
Buneary,55.0,66.0,44.0,44.0,56.0,85.0,1.0,Unknown,4.0,43
Woobat,65.0,45.0,43.0,55.0,43.0,72.0,11.0,10.0,5.0,43
Mamoswine,110.0,130.0,80.0,70.0,60.0,80.0,6.0,Unknown,4.0,44
Rampardos,97.0,165.0,60.0,65.0,50.0,58.0,13.0,Unknown,4.0,44
G. Darmanitan,105.0,140.0,55.0,30.0,55.0,95.0,6.0,Unknown,5.0,44
Sawk,75.0,125.0,75.0,30.0,75.0,85.0,7.0,Unknown,5.0,44
Excadrill,110.0,135.0,60.0,50.0,65.0,88.0,9.0,17.0,5.0,44
G. Darmanitan (Z),105.0,160.0,55.0,30.0,55.0,135.0,6.0,2.0,5.0,44
Haxorus,76.0,147.0,90.0,60.0,70.0,97.0,15.0,Unknown,5.0,44
Krookodile,95.0,117.0,80.0,65.0,70.0,92.0,9.0,16.0,5.0,44
Braviary,100.0,123.0,75.0,57.0,75.0,80.0,1.0,10.0,5.0,44
Darmanitan,105.0,140.0,55.0,30.0,55.0,95.0,2.0,Unknown,5.0,44
Staraptor,85.0,120.0,70.0,50.0,60.0,100.0,1.0,Unknown,4.0,44
Clawitzer,71.0,73.0,88.0,120.0,89.0,59.0,3.0,Unknown,6.0,45
Shiinotic,60.0,45.0,80.0,90.0,100.0,30.0,5.0,18.0,7.0,45
Rabsca,75.0,50.0,85.0,115.0,100.0,45.0,12.0,11.0,9.0,45
Vikavolt,77.0,70.0,90.0,145.0,75.0,43.0,12.0,4.0,7.0,45
Beheeyem,75.0,75.0,75.0,125.0,95.0,40.0,11.0,Unknown,5.0,45
Arboliva,78.0,69.0,90.0,125.0,109.0,39.0,5.0,1.0,9.0,45
Sylveon,95.0,65.0,65.0,110.0,130.0,60.0,18.0,Unknown,6.0,45
Darmanitan (Z),105.0,30.0,105.0,140.0,105.0,55.0,2.0,11.0,5.0,45
Polteageist,60.0,65.0,65.0,134.0,114.0,70.0,14.0,Unknown,8.0,45
Hatterene,57.0,90.0,95.0,136.0,103.0,29.0,11.0,18.0,8.0,45
Cursola,60.0,95.0,50.0,145.0,130.0,30.0,14.0,Unknown,8.0,45
Mr. Rime,80.0,85.0,75.0,110.0,100.0,70.0,6.0,18.0,8.0,45
Alcremie,65.0,60.0,75.0,110.0,121.0,64.0,18.0,Unknown,8.0,45
Frosmoth,70.0,65.0,60.0,125.0,90.0,65.0,6.0,12.0,8.0,45
Primarina,80.0,74.0,74.0,126.0,116.0,60.0,3.0,18.0,7.0,45
Drampa,78.0,60.0,85.0,135.0,91.0,36.0,1.0,15.0,7.0,45
Pikipek,35.0,75.0,30.0,30.0,30.0,65.0,1.0,10.0,7.0,46
Yungoos,48.0,70.0,30.0,30.0,30.0,45.0,1.0,Unknown,7.0,46
Cutiefly,40.0,45.0,40.0,55.0,40.0,84.0,12.0,18.0,7.0,46
Rockruff,45.0,65.0,40.0,30.0,40.0,60.0,13.0,Unknown,7.0,46
Salandit,48.0,44.0,40.0,71.0,40.0,77.0,8.0,2.0,7.0,46
Litten,45.0,65.0,40.0,60.0,40.0,70.0,2.0,Unknown,7.0,46
Steenee,52.0,40.0,48.0,40.0,48.0,62.0,5.0,Unknown,7.0,46
Wimpod,25.0,35.0,40.0,20.0,30.0,80.0,12.0,3.0,7.0,46
Rookidee,38.0,47.0,35.0,33.0,35.0,57.0,10.0,Unknown,8.0,46
Tandemaus,50.0,50.0,45.0,40.0,45.0,75.0,1.0,Unknown,9.0,46
Wattrel,40.0,40.0,35.0,55.0,40.0,70.0,10.0,4.0,9.0,46
Arrokuda,41.0,63.0,40.0,40.0,30.0,66.0,3.0,Unknown,8.0,46
Shroodle,40.0,65.0,35.0,40.0,35.0,75.0,8.0,1.0,9.0,46
Sprigatito,40.0,61.0,54.0,45.0,45.0,65.0,5.0,Unknown,9.0,46
Bramblin,40.0,65.0,30.0,45.0,35.0,60.0,5.0,14.0,9.0,46
Pawmi,45.0,50.0,20.0,40.0,25.0,60.0,4.0,Unknown,9.0,46
Pawmot,60.0,75.0,40.0,50.0,40.0,85.0,4.0,7.0,9.0,46
Sobble,50.0,40.0,40.0,70.0,40.0,70.0,3.0,Unknown,8.0,46
Capsakid,50.0,62.0,40.0,62.0,40.0,50.0,5.0,2.0,9.0,46
Dreepy,28.0,60.0,30.0,40.0,30.0,82.0,15.0,14.0,8.0,46
Scorbunny,50.0,71.0,40.0,40.0,40.0,69.0,2.0,Unknown,8.0,46
Grookey,50.0,65.0,50.0,40.0,40.0,65.0,5.0,Unknown,8.0,46
Dusk Rockruff,45.0,65.0,40.0,30.0,40.0,60.0,13.0,Unknown,7.0,46
Tinkatink,50.0,45.0,45.0,35.0,64.0,58.0,18.0,17.0,9.0,46
Wiglett,10.0,55.0,25.0,35.0,25.0,95.0,3.0,Unknown,9.0,46
Finizen,70.0,45.0,40.0,45.0,40.0,75.0,3.0,Unknown,9.0,46
Gimmighoul - Roaming,45.0,30.0,25.0,75.0,45.0,80.0,14.0,Unknown,9.0,46
Flittle,30.0,35.0,30.0,55.0,30.0,75.0,11.0,Unknown,9.0,46
Deoxys (D),50.0,70.0,160.0,70.0,160.0,90.0,11.0,Unknown,3.0,47
Regice,80.0,50.0,100.0,100.0,200.0,50.0,6.0,Unknown,3.0,47
Registeel,80.0,75.0,150.0,75.0,150.0,50.0,17.0,Unknown,3.0,47
Alomomola,165.0,75.0,80.0,40.0,45.0,65.0,3.0,Unknown,5.0,48
Wobbuffet,190.0,33.0,58.0,33.0,58.0,33.0,11.0,Unknown,2.0,48
Cetitan,170.0,113.0,65.0,45.0,55.0,73.0,6.0,Unknown,9.0,48
Bisharp,65.0,125.0,100.0,60.0,70.0,70.0,16.0,17.0,5.0,49
Komala,65.0,115.0,65.0,75.0,95.0,65.0,1.0,Unknown,7.0,49
Pangoro,95.0,124.0,78.0,69.0,71.0,58.0,7.0,16.0,6.0,49
Golurk,89.0,124.0,80.0,55.0,80.0,55.0,9.0,14.0,5.0,49
Torterra,95.0,109.0,105.0,75.0,85.0,56.0,5.0,Unknown,4.0,49
Bouffalant,95.0,110.0,95.0,40.0,95.0,55.0,1.0,Unknown,5.0,49
Trevenant,85.0,110.0,76.0,65.0,82.0,56.0,5.0,14.0,6.0,49
Gurdurr,85.0,105.0,85.0,40.0,50.0,40.0,7.0,Unknown,5.0,49
Grapploct,80.0,118.0,90.0,70.0,80.0,42.0,7.0,Unknown,8.0,49
Crabominable,97.0,132.0,77.0,62.0,67.0,43.0,7.0,6.0,7.0,49
Druddigon,77.0,120.0,90.0,60.0,90.0,48.0,15.0,Unknown,5.0,49
Gumshoos,88.0,110.0,60.0,55.0,60.0,45.0,1.0,Unknown,7.0,49
Tsareena,72.0,120.0,98.0,50.0,98.0,72.0,5.0,Unknown,7.0,49
Toucannon,80.0,120.0,75.0,75.0,75.0,60.0,1.0,10.0,7.0,49
Mudsdale,100.0,125.0,100.0,55.0,85.0,35.0,9.0,Unknown,7.0,49
Lurantis,70.0,105.0,90.0,80.0,90.0,45.0,5.0,Unknown,7.0,49
Sirfetch'd,62.0,135.0,95.0,68.0,82.0,65.0,7.0,Unknown,8.0,49
Incineroar,95.0,115.0,90.0,80.0,90.0,60.0,2.0,16.0,7.0,49
Beartic,95.0,130.0,80.0,70.0,80.0,50.0,6.0,Unknown,5.0,49
Dhelmise,70.0,131.0,100.0,86.0,90.0,40.0,14.0,5.0,7.0,49
Escavalier,70.0,135.0,105.0,60.0,105.0,20.0,12.0,17.0,5.0,49
Conkeldurr,105.0,140.0,95.0,55.0,65.0,45.0,7.0,Unknown,5.0,49
Shiftry,90.0,100.0,60.0,90.0,60.0,80.0,5.0,16.0,3.0,50
Blaziken,80.0,120.0,70.0,110.0,70.0,80.0,2.0,7.0,3.0,50
Mothim,70.0,94.0,50.0,94.0,50.0,66.0,12.0,Unknown,4.0,50
Crawdaunt,63.0,120.0,85.0,90.0,55.0,55.0,3.0,16.0,3.0,50
Octillery,75.0,105.0,75.0,105.0,75.0,45.0,3.0,Unknown,2.0,50
Stantler,73.0,95.0,62.0,85.0,65.0,85.0,1.0,Unknown,2.0,50
Ursaring,90.0,130.0,75.0,75.0,75.0,55.0,1.0,Unknown,2.0,50
Granbull,90.0,120.0,75.0,60.0,60.0,45.0,18.0,Unknown,2.0,50
Absol,65.0,130.0,60.0,75.0,60.0,75.0,16.0,Unknown,3.0,50
Banette,64.0,115.0,65.0,83.0,63.0,65.0,14.0,Unknown,3.0,50
Seviper,73.0,100.0,60.0,100.0,60.0,65.0,8.0,Unknown,3.0,50
Victreebel,80.0,105.0,65.0,100.0,70.0,70.0,5.0,8.0,1.0,50
Cacturne,70.0,115.0,60.0,115.0,60.0,55.0,5.0,16.0,3.0,50
Breloom,60.0,130.0,80.0,60.0,60.0,70.0,5.0,7.0,3.0,50
Honchkrow,100.0,125.0,52.0,105.0,52.0,71.0,16.0,Unknown,4.0,50
Toxicroak,83.0,106.0,65.0,86.0,65.0,85.0,8.0,Unknown,4.0,50
Vivillon,80.0,52.0,50.0,90.0,50.0,89.0,12.0,10.0,6.0,51
Litleo,62.0,50.0,58.0,73.0,54.0,72.0,2.0,1.0,6.0,51
Frogadier,54.0,63.0,52.0,83.0,56.0,97.0,3.0,Unknown,6.0,51
Braixen,59.0,59.0,58.0,90.0,70.0,73.0,2.0,Unknown,6.0,51
Dedenne,67.0,58.0,57.0,81.0,67.0,101.0,4.0,18.0,6.0,51
Glimmet,48.0,35.0,42.0,105.0,60.0,60.0,8.0,13.0,9.0,51
Torracat,65.0,85.0,50.0,80.0,50.0,90.0,2.0,Unknown,7.0,51
Pom Oricorio,75.0,70.0,70.0,98.0,70.0,93.0,4.0,10.0,7.0,51
Drizzile,65.0,60.0,55.0,95.0,55.0,90.0,3.0,Unknown,8.0,51
Poipole,67.0,73.0,67.0,73.0,67.0,73.0,8.0,Unknown,7.0,51
Sen. Oricorio,75.0,70.0,70.0,98.0,70.0,93.0,14.0,10.0,7.0,51
Pa'u Oricorio,75.0,70.0,70.0,98.0,70.0,93.0,11.0,10.0,7.0,51
Morgrem,65.0,60.0,45.0,75.0,55.0,70.0,16.0,18.0,8.0,51
Baile Oricorio,75.0,70.0,70.0,98.0,70.0,93.0,2.0,10.0,7.0,51
Palafin,100.0,70.0,72.0,53.0,62.0,100.0,3.0,Unknown,9.0,52
Wugtrio,35.0,100.0,50.0,50.0,70.0,120.0,3.0,Unknown,9.0,52
Tinkatuff,65.0,55.0,55.0,45.0,82.0,78.0,18.0,17.0,9.0,52
Corvisquire,68.0,67.0,55.0,43.0,55.0,77.0,10.0,Unknown,8.0,52
Grafaiai,63.0,95.0,65.0,80.0,72.0,110.0,8.0,1.0,9.0,52
Drakloak,68.0,80.0,50.0,60.0,50.0,102.0,15.0,14.0,8.0,52
Squawkabilly,82.0,96.0,51.0,45.0,51.0,92.0,1.0,10.0,9.0,52
Maushold,74.0,75.0,70.0,65.0,75.0,111.0,1.0,Unknown,9.0,52
Lokix,71.0,102.0,78.0,52.0,55.0,92.0,12.0,16.0,9.0,52
Quaxwell,70.0,85.0,65.0,65.0,60.0,65.0,3.0,Unknown,9.0,52
Floragato,61.0,80.0,63.0,60.0,63.0,83.0,5.0,Unknown,9.0,52
Eiscue No Ice,75.0,80.0,70.0,65.0,50.0,130.0,6.0,Unknown,8.0,52
Togedemaru,65.0,98.0,63.0,40.0,73.0,96.0,4.0,17.0,7.0,52
Morpeko,58.0,95.0,58.0,70.0,58.0,97.0,4.0,16.0,8.0,52
Kubfu,60.0,90.0,60.0,53.0,50.0,72.0,7.0,Unknown,8.0,52
Raboot,65.0,86.0,60.0,55.0,60.0,94.0,2.0,Unknown,8.0,52
Thwackey,70.0,85.0,70.0,55.0,60.0,80.0,5.0,Unknown,8.0,52
Arctibax,90.0,95.0,66.0,45.0,65.0,62.0,15.0,6.0,9.0,52
Squawkabilly,82.0,96.0,51.0,45.0,51.0,92.0,1.0,10.0,9.0,52
Alolan Grimer,80.0,80.0,50.0,40.0,50.0,25.0,8.0,16.0,1.0,53
Slowpoke,90.0,65.0,65.0,40.0,40.0,15.0,3.0,11.0,1.0,53
Grimer,80.0,80.0,50.0,40.0,50.0,25.0,8.0,Unknown,1.0,53
Spheal,70.0,40.0,50.0,55.0,50.0,25.0,6.0,3.0,3.0,53
Phanpy,90.0,60.0,60.0,40.0,40.0,40.0,9.0,Unknown,2.0,53
Happiny,100.0,5.0,5.0,15.0,65.0,30.0,1.0,Unknown,4.0,53
Igglybuff,90.0,30.0,15.0,40.0,20.0,15.0,1.0,18.0,2.0,53
Wynaut,95.0,23.0,48.0,23.0,48.0,23.0,11.0,Unknown,3.0,53
G. Slowpoke,90.0,65.0,65.0,40.0,40.0,15.0,11.0,Unknown,1.0,53
Jigglypuff,115.0,45.0,20.0,45.0,25.0,20.0,1.0,18.0,1.0,53
Makuhita,72.0,60.0,30.0,20.0,30.0,25.0,7.0,Unknown,3.0,53
G. Moltres,90.0,85.0,90.0,100.0,125.0,90.0,16.0,10.0,1.0,54
Cresselia,120.0,70.0,110.0,75.0,120.0,85.0,11.0,Unknown,4.0,54
Mantine,85.0,40.0,70.0,80.0,140.0,70.0,3.0,10.0,2.0,54
Suicune,100.0,75.0,115.0,90.0,115.0,85.0,3.0,Unknown,2.0,54
Articuno,90.0,85.0,100.0,95.0,125.0,85.0,6.0,10.0,1.0,54
Umbreon,95.0,65.0,110.0,60.0,130.0,65.0,16.0,Unknown,2.0,54
Ho-oh,106.0,130.0,90.0,110.0,154.0,90.0,2.0,10.0,2.0,54
Milotic,95.0,60.0,79.0,100.0,125.0,81.0,3.0,Unknown,3.0,54
Lugia,106.0,90.0,130.0,90.0,154.0,110.0,11.0,10.0,2.0,54
Uxie,75.0,75.0,130.0,75.0,130.0,95.0,11.0,Unknown,4.0,54
Latias,80.0,80.0,90.0,110.0,130.0,110.0,15.0,11.0,3.0,54
Virizion,91.0,90.0,72.0,90.0,129.0,108.0,5.0,7.0,5.0,54
Shelmet,50.0,40.0,85.0,40.0,65.0,25.0,12.0,Unknown,5.0,55
Skorupi,40.0,50.0,90.0,30.0,55.0,65.0,8.0,Unknown,4.0,55
Onix,35.0,45.0,160.0,30.0,45.0,70.0,13.0,9.0,1.0,55
Nosepass,30.0,45.0,135.0,45.0,90.0,30.0,13.0,Unknown,3.0,55
Ferroseed,44.0,50.0,91.0,24.0,86.0,10.0,5.0,17.0,5.0,55
Yamask,38.0,30.0,85.0,55.0,65.0,30.0,14.0,Unknown,5.0,55
Duskull,20.0,40.0,90.0,30.0,90.0,25.0,14.0,Unknown,3.0,55
G. Yamask,38.0,55.0,85.0,30.0,65.0,30.0,9.0,14.0,5.0,55
Shieldon,30.0,42.0,118.0,42.0,88.0,30.0,13.0,Unknown,4.0,55
Bronzor,57.0,24.0,86.0,24.0,86.0,23.0,17.0,Unknown,4.0,55
Beldum,40.0,55.0,80.0,35.0,60.0,30.0,17.0,11.0,3.0,55
Whirlipede,40.0,55.0,99.0,40.0,79.0,47.0,12.0,8.0,5.0,55
Deoxys (N),50.0,150.0,50.0,150.0,50.0,150.0,11.0,Unknown,3.0,56
Pheromosa,71.0,137.0,37.0,137.0,37.0,151.0,12.0,7.0,7.0,56
Regieleki,80.0,100.0,50.0,100.0,50.0,200.0,4.0,Unknown,8.0,56
Gossifleur,40.0,40.0,60.0,40.0,60.0,10.0,5.0,Unknown,8.0,57
Dottler,50.0,35.0,80.0,50.0,90.0,30.0,12.0,Unknown,8.0,57
Milcrey,45.0,40.0,40.0,50.0,61.0,34.0,18.0,Unknown,8.0,57
Dewpider,38.0,40.0,52.0,40.0,72.0,27.0,3.0,12.0,7.0,57
Sandygast,55.0,55.0,80.0,70.0,45.0,15.0,14.0,9.0,7.0,57
Popplio,50.0,54.0,54.0,66.0,56.0,40.0,3.0,Unknown,7.0,57
Toedscool,40.0,40.0,35.0,50.0,100.0,70.0,5.0,9.0,9.0,57
Sinistea,40.0,45.0,45.0,74.0,54.0,50.0,14.0,Unknown,8.0,57
Morelull,40.0,35.0,55.0,65.0,75.0,15.0,5.0,18.0,7.0,57
Hattrem,57.0,40.0,65.0,86.0,73.0,49.0,11.0,Unknown,8.0,57
Gimmighoul (Chest),45.0,30.0,70.0,75.0,70.0,10.0,14.0,Unknown,9.0,57
Dolliv,52.0,53.0,60.0,78.0,78.0,33.0,5.0,1.0,9.0,57
Azelf,75.0,125.0,70.0,125.0,70.0,115.0,11.0,Unknown,4.0,58
Hydreigon,92.0,105.0,90.0,125.0,90.0,98.0,16.0,15.0,5.0,58
Enamorus,74.0,115.0,70.0,135.0,80.0,106.0,18.0,10.0,8.0,58
Genesect,71.0,120.0,95.0,120.0,95.0,99.0,12.0,17.0,5.0,58
Porygon-Z,85.0,80.0,70.0,135.0,75.0,90.0,1.0,Unknown,4.0,58
Thundurus,79.0,115.0,70.0,125.0,80.0,111.0,4.0,10.0,5.0,58
Ash Greninja,72.0,145.0,67.0,153.0,71.0,132.0,3.0,16.0,6.0,58
Therian Thundurus,79.0,105.0,70.0,145.0,80.0,101.0,4.0,10.0,5.0,58
Therian Tornadus,79.0,100.0,80.0,110.0,90.0,121.0,10.0,Unknown,5.0,58
Archeops,75.0,140.0,65.0,112.0,65.0,110.0,13.0,10.0,5.0,58
Lucario,70.0,110.0,70.0,115.0,70.0,90.0,7.0,Unknown,4.0,58
Electivire,75.0,123.0,67.0,95.0,85.0,95.0,4.0,Unknown,4.0,58
Tornadus,79.0,115.0,70.0,125.0,80.0,111.0,10.0,Unknown,5.0,58
Blacephalon,53.0,127.0,53.0,151.0,79.0,107.0,2.0,14.0,7.0,58
Salamence,95.0,135.0,80.0,110.0,80.0,100.0,15.0,10.0,3.0,58
Landorus,89.0,125.0,90.0,115.0,80.0,101.0,9.0,10.0,5.0,58
Shaymin (S),100.0,103.0,75.0,120.0,75.0,127.0,5.0,10.0,4.0,58
Magmortar,75.0,95.0,67.0,125.0,95.0,83.0,2.0,Unknown,4.0,58
H. Electrode,60.0,50.0,70.0,80.0,80.0,150.0,4.0,5.0,1.0,59
Deoxys (S),50.0,95.0,90.0,95.0,90.0,180.0,11.0,Unknown,3.0,59
Electrode,60.0,50.0,70.0,80.0,80.0,150.0,4.0,Unknown,1.0,59
Exploud,104.0,91.0,63.0,91.0,73.0,68.0,1.0,Unknown,3.0,60
Seismitoad,105.0,95.0,75.0,85.0,75.0,74.0,3.0,9.0,5.0,60
Abomasnow,90.0,92.0,75.0,92.0,85.0,60.0,6.0,Unknown,4.0,60
Heatmor,85.0,97.0,66.0,105.0,66.0,65.0,2.0,Unknown,5.0,60
Eelektross,85.0,115.0,80.0,105.0,80.0,50.0,4.0,Unknown,5.0,60
Carnivine,74.0,100.0,72.0,90.0,72.0,46.0,5.0,Unknown,4.0,60
Camerupt,70.0,100.0,70.0,105.0,75.0,40.0,2.0,9.0,3.0,60
Maractus,75.0,86.0,67.0,106.0,67.0,60.0,5.0,Unknown,5.0,60
Emboar,110.0,123.0,65.0,100.0,65.0,65.0,2.0,7.0,5.0,60
Samurott,95.0,100.0,85.0,108.0,70.0,70.0,3.0,Unknown,5.0,60
H. Samurott,90.0,108.0,80.0,100.0,65.0,85.0,3.0,16.0,5.0,60
Luxray,80.0,120.0,79.0,95.0,79.0,70.0,4.0,Unknown,4.0,60
H. Braviary,110.0,83.0,70.0,112.0,70.0,65.0,11.0,10.0,5.0,60
Iron Jugulis,94.0,80.0,86.0,122.0,80.0,108.0,16.0,10.0,9.0,61
Glimmora,83.0,55.0,90.0,130.0,81.0,86.0,8.0,13.0,9.0,61
Armarouge,85.0,60.0,100.0,125.0,80.0,75.0,2.0,11.0,9.0,61
Xurkitree,83.0,89.0,71.0,173.0,71.0,83.0,4.0,Unknown,7.0,61
Duraludon,70.0,95.0,115.0,120.0,50.0,85.0,17.0,15.0,8.0,61
Walking Wake,99.0,83.0,91.0,125.0,83.0,109.0,3.0,15.0,9.0,61
Sandy Shocks,85.0,81.0,97.0,121.0,85.0,101.0,4.0,9.0,9.0,61
Gholdengo,87.0,60.0,95.0,133.0,91.0,84.0,14.0,17.0,9.0,61
Tirtouga,54.0,78.0,103.0,53.0,45.0,22.0,3.0,13.0,5.0,62
Nincada,31.0,45.0,90.0,30.0,30.0,40.0,12.0,9.0,3.0,62
Aron,50.0,70.0,100.0,40.0,40.0,30.0,17.0,13.0,3.0,62
Pineco,50.0,65.0,90.0,35.0,35.0,15.0,12.0,Unknown,2.0,62
Alolan Geodude,40.0,80.0,100.0,30.0,30.0,20.0,13.0,4.0,1.0,62
Alolan Graveler,55.0,95.0,115.0,45.0,45.0,35.0,13.0,4.0,1.0,62
Sandshrew,50.0,75.0,85.0,20.0,30.0,40.0,9.0,Unknown,1.0,62
Geodude,40.0,80.0,100.0,30.0,30.0,20.0,13.0,9.0,1.0,62
Honedge,45.0,80.0,100.0,35.0,37.0,28.0,17.0,14.0,6.0,62
Graveler,55.0,95.0,115.0,45.0,45.0,35.0,13.0,9.0,1.0,62
Roggenrola,55.0,75.0,85.0,25.0,25.0,15.0,13.0,Unknown,5.0,62
Bonsly,50.0,80.0,95.0,10.0,45.0,10.0,13.0,Unknown,4.0,62
Shellder,30.0,65.0,100.0,45.0,25.0,40.0,3.0,Unknown,1.0,62
Rhyhorn,80.0,85.0,95.0,30.0,30.0,25.0,9.0,13.0,1.0,62
Krabby,30.0,105.0,90.0,25.0,25.0,50.0,3.0,Unknown,1.0,62
Alolan Sandshrew,50.0,75.0,90.0,10.0,35.0,40.0,6.0,17.0,1.0,62
Dusknoir,45.0,100.0,135.0,65.0,135.0,45.0,14.0,Unknown,4.0,63
S Wishiwashi,45.0,140.0,130.0,140.0,135.0,30.0,3.0,Unknown,7.0,63
Diancie,50.0,100.0,150.0,100.0,150.0,50.0,13.0,18.0,6.0,63
Zamazenta (H),92.0,120.0,115.0,80.0,115.0,138.0,7.0,Unknown,8.0,64
Zacian Crowned,92.0,150.0,115.0,80.0,115.0,148.0,18.0,17.0,8.0,64
Zamazenta Crowned,92.0,120.0,140.0,80.0,140.0,128.0,7.0,17.0,8.0,64
Zacian (H),92.0,120.0,115.0,80.0,115.0,138.0,18.0,Unknown,8.0,64
Koraidon,100.0,135.0,115.0,85.0,100.0,135.0,7.0,15.0,9.0,64
Boltund,69.0,90.0,60.0,90.0,60.0,121.0,4.0,Unknown,8.0,65
Noivern,85.0,70.0,80.0,97.0,80.0,123.0,10.0,15.0,6.0,65
Kilowattrel,70.0,70.0,60.0,105.0,60.0,125.0,10.0,4.0,9.0,65
Iron Bundle,56.0,80.0,114.0,124.0,60.0,136.0,6.0,3.0,9.0,65
Naganadel,73.0,73.0,73.0,127.0,73.0,121.0,8.0,15.0,7.0,65
Espathra,75.0,60.0,60.0,101.0,60.0,105.0,11.0,Unknown,9.0,65
BB Greninja,72.0,95.0,67.0,103.0,71.0,122.0,3.0,16.0,6.0,65
Inteleon,70.0,85.0,65.0,125.0,65.0,120.0,3.0,Unknown,8.0,65
Minior Core,60.0,100.0,60.0,100.0,60.0,120.0,13.0,10.0,7.0,65
Greninja,72.0,95.0,67.0,103.0,71.0,122.0,3.0,16.0,6.0,65
Pyroar,86.0,68.0,72.0,109.0,66.0,106.0,2.0,1.0,6.0,65
Cyclizar,70.0,95.0,65.0,85.0,65.0,121.0,15.0,1.0,9.0,65
Ribombee,60.0,55.0,60.0,95.0,70.0,124.0,12.0,18.0,7.0,65
Salazzle,68.0,64.0,60.0,111.0,60.0,117.0,8.0,2.0,7.0,65
Gorebyss,55.0,84.0,105.0,114.0,75.0,52.0,3.0,Unknown,3.0,66
Tangrowth,100.0,100.0,125.0,110.0,50.0,50.0,5.0,Unknown,4.0,66
Huntail,55.0,104.0,105.0,94.0,75.0,52.0,3.0,Unknown,3.0,66
Magcargo,60.0,50.0,120.0,90.0,80.0,30.0,2.0,13.0,2.0,66
Magneton,50.0,60.0,95.0,120.0,70.0,70.0,4.0,17.0,1.0,66
Torkoal,70.0,85.0,140.0,85.0,70.0,20.0,2.0,Unknown,3.0,66
Omastar,70.0,60.0,125.0,115.0,70.0,55.0,13.0,3.0,1.0,66
Seadra,55.0,65.0,95.0,95.0,45.0,85.0,3.0,Unknown,1.0,66
G. Weezing,65.0,90.0,120.0,85.0,70.0,60.0,8.0,18.0,1.0,66
Pelipper,60.0,50.0,100.0,95.0,70.0,65.0,3.0,10.0,3.0,66
Tangela,65.0,55.0,115.0,100.0,40.0,60.0,5.0,Unknown,1.0,66
Weezing,65.0,90.0,120.0,85.0,70.0,60.0,8.0,Unknown,1.0,66
Misdreavus,60.0,60.0,60.0,85.0,85.0,85.0,14.0,Unknown,2.0,67
Grumpig,80.0,45.0,65.0,90.0,110.0,80.0,11.0,Unknown,3.0,67
F Meowstic,74.0,48.0,76.0,83.0,81.0,104.0,11.0,Unknown,6.0,67
Cherrim,70.0,60.0,70.0,87.0,78.0,85.0,5.0,Unknown,4.0,67
Lumineon,69.0,69.0,76.0,69.0,86.0,91.0,3.0,Unknown,4.0,67
Phione,80.0,80.0,80.0,80.0,80.0,80.0,3.0,Unknown,4.0,67
Male Meowstic,74.0,48.0,76.0,83.0,81.0,104.0,11.0,Unknown,6.0,67
Plusle,60.0,50.0,40.0,85.0,75.0,95.0,4.0,Unknown,3.0,67
Minun,60.0,40.0,50.0,75.0,85.0,95.0,4.0,Unknown,3.0,67
Roselia,50.0,60.0,45.0,100.0,80.0,65.0,5.0,8.0,3.0,67
Illumise,65.0,47.0,75.0,73.0,85.0,85.0,12.0,Unknown,3.0,67
Masquerain,70.0,60.0,62.0,100.0,82.0,80.0,12.0,10.0,3.0,67
Ludicolo,80.0,70.0,70.0,90.0,100.0,70.0,3.0,5.0,3.0,67
Girafarig,70.0,80.0,65.0,90.0,65.0,85.0,1.0,11.0,2.0,67
Sigilyph,72.0,58.0,80.0,103.0,80.0,97.0,11.0,10.0,5.0,67
Lunatone,90.0,55.0,65.0,95.0,85.0,70.0,13.0,11.0,3.0,67
Chimecho,75.0,50.0,80.0,95.0,90.0,65.0,11.0,Unknown,3.0,67
Servine,60.0,60.0,75.0,60.0,75.0,83.0,5.0,Unknown,5.0,67
Glalie,80.0,80.0,80.0,80.0,80.0,80.0,6.0,Unknown,3.0,67
Lilligant,70.0,60.0,75.0,110.0,75.0,90.0,5.0,Unknown,5.0,67
Butterfree,60.0,45.0,50.0,90.0,80.0,70.0,12.0,10.0,1.0,67
Rotom,50.0,50.0,77.0,95.0,77.0,91.0,4.0,Unknown,4.0,67
Alolan Raticate,75.0,71.0,70.0,40.0,80.0,77.0,16.0,1.0,1.0,68
Hitmontop,50.0,95.0,95.0,35.0,110.0,70.0,7.0,Unknown,2.0,68
Gligar,65.0,75.0,105.0,35.0,65.0,85.0,9.0,10.0,2.0,68
Jumpluff,75.0,55.0,70.0,55.0,95.0,110.0,5.0,10.0,2.0,68
Partner Eevee,65.0,75.0,70.0,65.0,85.0,75.0,1.0,Unknown,1.0,68
Hitmonchan,50.0,105.0,79.0,35.0,110.0,76.0,7.0,Unknown,1.0,68
Beedrill,65.0,90.0,40.0,45.0,80.0,75.0,12.0,8.0,1.0,68
Pachirisu,60.0,45.0,70.0,45.0,90.0,95.0,4.0,Unknown,4.0,68
Medicham,60.0,60.0,75.0,60.0,75.0,80.0,7.0,11.0,3.0,68
Volbeat,65.0,73.0,75.0,47.0,85.0,85.0,12.0,Unknown,3.0,68
Lopunny,65.0,76.0,84.0,54.0,96.0,105.0,1.0,Unknown,4.0,68
Dustox,60.0,50.0,70.0,50.0,90.0,65.0,12.0,8.0,3.0,68
Altaria,75.0,70.0,90.0,70.0,105.0,80.0,15.0,10.0,3.0,68
Dondozo,150.0,100.0,115.0,65.0,65.0,35.0,3.0,Unknown,9.0,69
Ursaluna,130.0,140.0,105.0,45.0,80.0,50.0,1.0,9.0,8.0,69
Greedent,120.0,95.0,95.0,55.0,75.0,20.0,1.0,Unknown,8.0,69
Melmetal,135.0,143.0,143.0,80.0,65.0,34.0,17.0,Unknown,7.0,69
Ting-Lu,155.0,110.0,125.0,55.0,80.0,45.0,16.0,9.0,9.0,69
Iron Hands,154.0,140.0,108.0,50.0,68.0,50.0,7.0,4.0,9.0,69
Treecko,40.0,45.0,35.0,65.0,55.0,70.0,5.0,Unknown,3.0,70
Luvdisc,43.0,30.0,55.0,40.0,65.0,97.0,3.0,Unknown,3.0,70
Budew,40.0,30.0,35.0,50.0,70.0,55.0,5.0,Unknown,4.0,70
G. Zigzagoon,38.0,30.0,41.0,30.0,41.0,60.0,16.0,1.0,3.0,70
Zigzagoon,38.0,30.0,41.0,30.0,41.0,60.0,1.0,Unknown,3.0,70
Surskit,40.0,30.0,32.0,50.0,52.0,65.0,12.0,3.0,3.0,70
Kirlia,38.0,35.0,35.0,65.0,55.0,50.0,11.0,18.0,3.0,70
Cottonee,40.0,27.0,60.0,37.0,50.0,66.0,5.0,18.0,5.0,70
Hoothoot,60.0,30.0,30.0,36.0,56.0,50.0,1.0,10.0,2.0,70
Hoppip,35.0,35.0,40.0,35.0,55.0,50.0,5.0,10.0,2.0,70
Feebas,20.0,15.0,20.0,10.0,55.0,80.0,3.0,Unknown,3.0,70
Electrike,40.0,45.0,40.0,65.0,40.0,65.0,4.0,Unknown,3.0,70
Smeargle,55.0,20.0,35.0,20.0,45.0,75.0,1.0,Unknown,2.0,70
Wingull,40.0,30.0,30.0,55.0,30.0,85.0,3.0,10.0,3.0,70
Combee,30.0,30.0,42.0,30.0,42.0,70.0,12.0,Unknown,4.0,70
Barboach,50.0,48.0,43.0,46.0,41.0,60.0,3.0,9.0,3.0,70
Meditite,30.0,40.0,55.0,40.0,55.0,60.0,7.0,11.0,3.0,70
Baltoy,40.0,40.0,55.0,40.0,70.0,55.0,9.0,11.0,3.0,70
Ledian,55.0,35.0,50.0,55.0,110.0,85.0,12.0,10.0,2.0,71
Ledyba,40.0,20.0,30.0,40.0,80.0,55.0,12.0,10.0,2.0,71
Swablu,45.0,40.0,60.0,40.0,75.0,50.0,1.0,10.0,3.0,71
Drowzee,60.0,48.0,45.0,43.0,90.0,42.0,11.0,Unknown,1.0,71
Mantyke,45.0,20.0,50.0,60.0,120.0,50.0,3.0,Unknown,4.0,71
Spoink,60.0,25.0,35.0,70.0,80.0,60.0,11.0,Unknown,3.0,71
Tentacool,40.0,40.0,35.0,50.0,100.0,70.0,3.0,8.0,1.0,71
Mime Jr.,20.0,25.0,45.0,70.0,90.0,60.0,11.0,Unknown,4.0,71
Metagross,80.0,135.0,130.0,95.0,90.0,70.0,17.0,11.0,3.0,72
Groudon,100.0,150.0,140.0,100.0,90.0,90.0,9.0,Unknown,3.0,72
Primal Groudon,100.0,180.0,160.0,150.0,90.0,90.0,2.0,9.0,3.0,72
Regigigas,110.0,160.0,110.0,80.0,110.0,100.0,1.0,Unknown,4.0,72
Zekrom,100.0,150.0,120.0,120.0,100.0,90.0,15.0,4.0,5.0,72
Black Kyurem,125.0,170.0,100.0,120.0,90.0,95.0,15.0,6.0,5.0,72
Tyranitar,100.0,134.0,110.0,95.0,100.0,61.0,13.0,16.0,2.0,72
DM Necrozma,97.0,157.0,127.0,113.0,109.0,77.0,11.0,17.0,7.0,72
Therian Landorus,89.0,145.0,90.0,105.0,80.0,91.0,9.0,10.0,5.0,72
Zygarde 100%,216.0,100.0,121.0,91.0,95.0,85.0,9.0,15.0,6.0,73
Eldegoss,60.0,50.0,90.0,80.0,120.0,60.0,5.0,Unknown,8.0,74
Wo-Chien,85.0,85.0,100.0,95.0,165.0,70.0,16.0,5.0,9.0,74
Orbeetle,60.0,45.0,110.0,80.0,120.0,90.0,12.0,11.0,8.0,74
Dragalge,65.0,75.0,90.0,97.0,123.0,44.0,8.0,15.0,6.0,74
Araquanid,68.0,70.0,92.0,50.0,132.0,42.0,3.0,12.0,7.0,74
Oranguru,90.0,60.0,80.0,90.0,110.0,60.0,1.0,11.0,7.0,74
H. Sliggoo,58.0,75.0,83.0,83.0,113.0,40.0,15.0,17.0,8.0,74
Tapu Fini,70.0,75.0,115.0,95.0,130.0,85.0,3.0,18.0,7.0,74
H. Goodra,80.0,100.0,100.0,110.0,150.0,60.0,15.0,17.0,8.0,74
Necrozma,97.0,107.0,101.0,127.0,89.0,79.0,11.0,Unknown,7.0,75
Victini,100.0,100.0,100.0,100.0,100.0,100.0,11.0,2.0,5.0,75
Tapu Bulu,70.0,130.0,115.0,85.0,95.0,75.0,5.0,18.0,7.0,75
Vanilluxe,71.0,95.0,85.0,110.0,95.0,79.0,6.0,Unknown,5.0,75
Celesteela,97.0,101.0,103.0,107.0,101.0,61.0,17.0,10.0,7.0,75
Volcanion,80.0,110.0,120.0,130.0,90.0,70.0,2.0,3.0,6.0,75
Heatran,91.0,90.0,106.0,130.0,106.0,77.0,2.0,Unknown,4.0,75
Mesprit,80.0,105.0,105.0,105.0,105.0,80.0,11.0,Unknown,4.0,75
Magearna,80.0,95.0,115.0,130.0,115.0,65.0,17.0,18.0,7.0,75
T Enamorous,74.0,115.0,110.0,135.0,100.0,46.0,18.0,10.0,8.0,75
Kommo-o,75.0,110.0,125.0,100.0,105.0,85.0,15.0,7.0,7.0,75
Silvally,95.0,95.0,95.0,95.0,95.0,95.0,1.0,Unknown,7.0,75
Zygarde 50%,108.0,100.0,121.0,81.0,95.0,95.0,15.0,9.0,6.0,75
Toxapex,50.0,63.0,152.0,53.0,142.0,35.0,8.0,3.0,7.0,76
Probopass,60.0,55.0,145.0,75.0,150.0,40.0,13.0,Unknown,4.0,76
Cofagrigus,58.0,50.0,145.0,95.0,105.0,30.0,14.0,Unknown,5.0,76
Carbink,50.0,50.0,150.0,50.0,150.0,50.0,13.0,18.0,6.0,76
Dusclops,40.0,70.0,130.0,60.0,130.0,25.0,14.0,Unknown,3.0,76
Bastiodon,60.0,52.0,168.0,47.0,138.0,30.0,13.0,Unknown,4.0,76
S Aegislash,60.0,50.0,140.0,50.0,140.0,60.0,17.0,14.0,6.0,76
Oddish,45.0,50.0,55.0,75.0,65.0,30.0,5.0,8.0,1.0,77
Nidorino,61.0,72.0,57.0,55.0,55.0,65.0,8.0,Unknown,1.0,77
Eevee,55.0,55.0,50.0,45.0,65.0,55.0,1.0,Unknown,1.0,77
Dratini,41.0,64.0,45.0,50.0,50.0,50.0,15.0,Unknown,1.0,77
Goldeen,45.0,67.0,60.0,35.0,50.0,63.0,3.0,Unknown,1.0,77
Paras,35.0,70.0,55.0,45.0,55.0,25.0,12.0,5.0,1.0,77
Venonat,60.0,55.0,50.0,40.0,55.0,45.0,12.0,8.0,1.0,77
Psyduck,50.0,52.0,48.0,65.0,50.0,55.0,3.0,Unknown,1.0,77
Nidoran Male,46.0,57.0,40.0,40.0,40.0,50.0,8.0,Unknown,1.0,77
Nidoran Female,55.0,47.0,52.0,40.0,40.0,41.0,8.0,Unknown,1.0,77
Ekans,35.0,60.0,44.0,40.0,54.0,55.0,8.0,Unknown,1.0,77
Pidgeotto,63.0,60.0,55.0,50.0,50.0,71.0,1.0,10.0,1.0,77
Charmander,39.0,52.0,43.0,60.0,50.0,65.0,2.0,Unknown,1.0,77
Snorunt,50.0,50.0,50.0,50.0,50.0,50.0,6.0,Unknown,3.0,77
Seel,65.0,45.0,55.0,45.0,70.0,45.0,3.0,Unknown,1.0,77
Squirtle,44.0,48.0,65.0,50.0,64.0,43.0,3.0,Unknown,1.0,77
Clefairy,70.0,45.0,48.0,60.0,65.0,35.0,18.0,Unknown,1.0,77
Vulpix,38.0,41.0,40.0,50.0,65.0,65.0,2.0,Unknown,1.0,77
Ditto,48.0,48.0,48.0,48.0,48.0,48.0,1.0,Unknown,1.0,77
Bulbasaur,45.0,49.0,49.0,65.0,65.0,45.0,5.0,8.0,1.0,77
Cyndaquil,39.0,52.0,43.0,60.0,50.0,65.0,2.0,Unknown,2.0,77
Larvitar,50.0,64.0,50.0,45.0,50.0,41.0,13.0,9.0,2.0,77
Gulpin,70.0,43.0,53.0,43.0,53.0,40.0,8.0,Unknown,3.0,77
Totodile,50.0,65.0,64.0,44.0,48.0,43.0,3.0,Unknown,2.0,77
Shroomish,60.0,40.0,60.0,40.0,60.0,35.0,5.0,Unknown,3.0,77
Chinchou,75.0,38.0,38.0,56.0,56.0,67.0,3.0,4.0,2.0,77
Lombre,60.0,50.0,50.0,60.0,70.0,50.0,3.0,5.0,3.0,77
Mareep,55.0,40.0,40.0,65.0,45.0,35.0,4.0,Unknown,2.0,77
Chikorita,45.0,49.0,65.0,49.0,65.0,45.0,5.0,Unknown,2.0,77
Alolan Vulpix,38.0,41.0,40.0,50.0,65.0,65.0,6.0,18.0,1.0,77
Galarian Meowth,50.0,65.0,55.0,40.0,40.0,40.0,17.0,Unknown,1.0,77
Shuckle,20.0,10.0,230.0,10.0,230.0,5.0,12.0,13.0,2.0,78
Hariyama,144.0,120.0,60.0,40.0,60.0,50.0,7.0,Unknown,3.0,79
Throh,120.0,100.0,85.0,30.0,85.0,45.0,7.0,Unknown,5.0,79
Munchlax,135.0,85.0,40.0,40.0,85.0,5.0,1.0,Unknown,4.0,79
Snorlax,160.0,110.0,65.0,65.0,110.0,30.0,1.0,Unknown,1.0,79
Gastly,30.0,35.0,30.0,100.0,35.0,80.0,14.0,8.0,1.0,80
Kadabra,40.0,35.0,30.0,120.0,70.0,105.0,11.0,Unknown,1.0,80
Haunter,45.0,50.0,45.0,115.0,55.0,95.0,14.0,8.0,1.0,80
Smoochum,45.0,30.0,15.0,85.0,65.0,65.0,6.0,11.0,2.0,80
Abra,25.0,20.0,15.0,105.0,55.0,90.0,11.0,Unknown,1.0,80
Gargancl,100.0,100.0,130.0,45.0,90.0,35.0,13.0,Unknown,9.0,81
Tyrantrum,82.0,121.0,119.0,69.0,59.0,71.0,13.0,15.0,6.0,81
Chesnaught,88.0,107.0,122.0,74.0,75.0,64.0,5.0,7.0,6.0,81
Barbaracle,72.0,105.0,115.0,54.0,86.0,68.0,13.0,3.0,6.0,81
Orthworm,70.0,85.0,145.0,60.0,55.0,65.0,17.0,Unknown,9.0,81
Klawf,70.0,100.0,115.0,35.0,35.0,25.0,13.0,Unknown,9.0,81
Carracosta,74.0,108.0,133.0,83.0,65.0,32.0,3.0,13.0,5.0,81
Perrserker,70.0,110.0,100.0,50.0,60.0,50.0,17.0,Unknown,8.0,81
Turtonator,60.0,78.0,135.0,91.0,85.0,36.0,2.0,15.0,7.0,81
Boldore,70.0,105.0,105.0,50.0,40.0,20.0,13.0,Unknown,5.0,81
Sandaconda,72.0,107.0,125.0,65.0,70.0,71.0,9.0,Unknown,8.0,81
Doublade,59.0,110.0,150.0,45.0,49.0,35.0,17.0,14.0,6.0,81
Gigalith,85.0,135.0,130.0,60.0,80.0,25.0,13.0,Unknown,5.0,81
Crustle,70.0,105.0,125.0,65.0,75.0,45.0,12.0,13.0,5.0,81
SS Gourgeist,85.0,100.0,122.0,58.0,75.0,54.0,14.0,5.0,6.0,81
Golisopod,75.0,125.0,140.0,60.0,90.0,40.0,12.0,3.0,7.0,81
L Gourgeist,75.0,95.0,122.0,58.0,75.0,69.0,14.0,5.0,6.0,81
Hippopotas,68.0,72.0,78.0,38.0,42.0,32.0,9.0,Unknown,4.0,82
Machop,70.0,80.0,50.0,35.0,35.0,35.0,7.0,Unknown,1.0,82
Deino,52.0,65.0,50.0,45.0,50.0,38.0,16.0,15.0,5.0,82
Slakoth,60.0,60.0,60.0,35.0,35.0,30.0,1.0,Unknown,3.0,82
Turtwig,55.0,68.0,64.0,45.0,55.0,31.0,5.0,Unknown,4.0,82
Tepig,65.0,63.0,45.0,45.0,45.0,45.0,2.0,Unknown,5.0,82
Gible,58.0,70.0,45.0,40.0,45.0,42.0,15.0,Unknown,4.0,82
Cubchoo,55.0,70.0,40.0,60.0,40.0,40.0,6.0,Unknown,5.0,82
Trapinch,45.0,100.0,45.0,45.0,45.0,10.0,9.0,Unknown,3.0,82
Bagon,45.0,75.0,60.0,40.0,30.0,50.0,15.0,Unknown,3.0,82
Pidove,50.0,55.0,50.0,36.0,30.0,43.0,1.0,10.0,5.0,82
Corphish,43.0,80.0,65.0,50.0,35.0,35.0,3.0,Unknown,3.0,82
Timburr,75.0,80.0,55.0,25.0,35.0,35.0,7.0,Unknown,5.0,82
Teddiursa,60.0,80.0,50.0,50.0,50.0,40.0,1.0,Unknown,2.0,82
Shinx,45.0,65.0,34.0,40.0,34.0,45.0,4.0,Unknown,4.0,82
Snubbull,60.0,80.0,50.0,40.0,40.0,30.0,18.0,Unknown,2.0,82
Patrat,45.0,55.0,39.0,35.0,39.0,42.0,1.0,Unknown,5.0,82
Mudkip,50.0,70.0,50.0,50.0,50.0,40.0,3.0,Unknown,3.0,82
Golett,59.0,74.0,50.0,35.0,50.0,35.0,9.0,14.0,5.0,82
Clefable,95.0,70.0,73.0,95.0,90.0,60.0,18.0,Unknown,1.0,83
Empoleon,84.0,86.0,88.0,111.0,101.0,60.0,3.0,Unknown,4.0,83
Vileplume,75.0,80.0,85.0,110.0,90.0,50.0,5.0,8.0,1.0,83
Slowking,95.0,75.0,80.0,100.0,110.0,30.0,3.0,11.0,2.0,83
G. Slowking,95.0,65.0,80.0,110.0,110.0,30.0,8.0,11.0,2.0,83
Porygon2,85.0,80.0,90.0,105.0,95.0,60.0,1.0,Unknown,2.0,83
Ampharos,90.0,75.0,85.0,115.0,90.0,55.0,4.0,Unknown,2.0,83
Sunflora,75.0,75.0,55.0,105.0,85.0,30.0,5.0,Unknown,2.0,83
Politoed,90.0,75.0,75.0,90.0,100.0,70.0,3.0,Unknown,2.0,83
Bellossom,75.0,80.0,95.0,90.0,100.0,50.0,5.0,Unknown,2.0,83
A. Exeggutor,95.0,105.0,85.0,125.0,75.0,45.0,5.0,Unknown,1.0,83
Exeggutor,95.0,95.0,85.0,125.0,75.0,55.0,5.0,11.0,1.0,83
Cradily,86.0,81.0,97.0,81.0,107.0,43.0,13.0,5.0,3.0,83
Slowbro,95.0,75.0,110.0,100.0,80.0,30.0,3.0,11.0,1.0,83
G. Slowbro,95.0,100.0,95.0,100.0,70.0,30.0,8.0,11.0,1.0,83
Wailmer,130.0,70.0,35.0,70.0,35.0,60.0,3.0,Unknown,3.0,84
Wigglytuff,140.0,70.0,45.0,85.0,50.0,45.0,1.0,18.0,1.0,84
Wailord,170.0,90.0,45.0,90.0,45.0,60.0,3.0,Unknown,3.0,84
Drifblim,150.0,80.0,44.0,90.0,54.0,80.0,14.0,Unknown,4.0,84
Jirachi,100.0,100.0,100.0,100.0,100.0,100.0,17.0,11.0,3.0,85
Zapdos,90.0,90.0,85.0,125.0,90.0,100.0,4.0,10.0,1.0,85
Moltres,90.0,100.0,90.0,125.0,85.0,90.0,2.0,10.0,1.0,85
Typhlosion,78.0,84.0,78.0,109.0,85.0,100.0,2.0,Unknown,2.0,85
Raikou,90.0,85.0,75.0,115.0,100.0,115.0,4.0,Unknown,2.0,85
Charizard,78.0,84.0,78.0,109.0,85.0,100.0,2.0,10.0,1.0,85
H. Typhlosion,73.0,84.0,78.0,119.0,85.0,95.0,14.0,2.0,2.0,85
Manaphy,100.0,100.0,100.0,100.0,100.0,100.0,3.0,Unknown,4.0,85
Celebi,100.0,100.0,100.0,100.0,100.0,100.0,11.0,5.0,2.0,85
Venusaur,80.0,82.0,83.0,100.0,100.0,80.0,5.0,8.0,1.0,85
G. Articuno,90.0,85.0,85.0,125.0,100.0,95.0,11.0,10.0,1.0,85
Entei,115.0,115.0,85.0,90.0,75.0,100.0,2.0,Unknown,2.0,85
Shaymin,100.0,100.0,100.0,100.0,100.0,100.0,5.0,Unknown,4.0,85
Kingdra,75.0,95.0,95.0,95.0,95.0,85.0,3.0,15.0,2.0,85
Mew,100.0,100.0,100.0,100.0,100.0,100.0,11.0,Unknown,1.0,85
Arcanine,90.0,110.0,80.0,100.0,80.0,95.0,2.0,Unknown,1.0,85
Flygon,80.0,100.0,80.0,80.0,80.0,100.0,9.0,15.0,3.0,85
Hisuian Arcanine,95.0,115.0,80.0,95.0,80.0,90.0,2.0,13.0,1.0,85
Golduck,80.0,82.0,78.0,95.0,80.0,85.0,3.0,Unknown,1.0,85
Deoxys (A),50.0,180.0,20.0,180.0,20.0,150.0,11.0,Unknown,3.0,86
Annihilape,110.0,115.0,80.0,50.0,90.0,90.0,7.0,14.0,9.0,87
Slither Wing,85.0,135.0,79.0,85.0,105.0,81.0,12.0,7.0,9.0,87
Ceruledge,75.0,125.0,80.0,60.0,100.0,85.0,2.0,14.0,9.0,87
Iron Leaves,90.0,130.0,88.0,70.0,108.0,104.0,5.0,11.0,9.0,87
Roaring Moon,105.0,139.0,71.0,55.0,101.0,119.0,15.0,16.0,9.0,87
Palafin - Hero,100.0,160.0,97.0,106.0,87.0,100.0,3.0,Unknown,9.0,87
Zarude,105.0,120.0,105.0,70.0,95.0,105.0,5.0,Unknown,8.0,87
Baxcalibur,115.0,145.0,92.0,75.0,86.0,87.0,15.0,6.0,9.0,87
Swoobat,67.0,57.0,55.0,77.0,55.0,114.0,11.0,10.0,5.0,88
Talonflame,78.0,81.0,71.0,74.0,69.0,126.0,2.0,10.0,6.0,88
Accelgor,80.0,70.0,40.0,100.0,60.0,145.0,12.0,Unknown,5.0,88
Ciccino,75.0,95.0,60.0,65.0,60.0,115.0,1.0,Unknown,5.0,88
Purugly,71.0,82.0,64.0,64.0,59.0,112.0,1.0,Unknown,4.0,88
Ambipom,75.0,100.0,66.0,60.0,66.0,115.0,1.0,Unknown,4.0,88
Emolga,55.0,75.0,60.0,75.0,60.0,103.0,4.0,10.0,5.0,88
Furfrou,75.0,80.0,60.0,65.0,90.0,102.0,1.0,Unknown,6.0,88
Ninjask,61.0,90.0,45.0,50.0,50.0,160.0,12.0,10.0,3.0,88
Zebstrika,75.0,100.0,63.0,80.0,63.0,116.0,4.0,Unknown,5.0,88
Froslass,70.0,80.0,70.0,80.0,70.0,110.0,6.0,Unknown,4.0,88
Swellow,60.0,85.0,60.0,75.0,50.0,125.0,1.0,10.0,3.0,88
Whimsicott,60.0,67.0,85.0,77.0,75.0,116.0,5.0,18.0,5.0,88
Hawlucha,78.0,92.0,75.0,74.0,63.0,118.0,7.0,10.0,6.0,88
H. Avalugg,95.0,127.0,184.0,34.0,36.0,38.0,6.0,13.0,8.0,89
Avalugg,95.0,117.0,184.0,44.0,46.0,28.0,6.0,Unknown,6.0,89
Stonjourner,100.0,125.0,135.0,20.0,20.0,70.0,13.0,Unknown,8.0,89
